order_item_id,order_id,product_id,seller_id,quantity,unit_price
1,1,249,34,14,0.86
2,2,198,102,3,19.66
3,3,332,43,2,45.0
4,4,997,9,11,1.27
5,5,687,80,2,4.98
6,6,205,99,6,16.2
7,7,737,95,19,1.16
8,8,677,42,5,12.6
9,9,710,54,3,5.33
10,10,37,54,18,1.22
11,11,495,47,3,3.32
12,12,808,88,6,3.15
13,13,9,104,14,1.71
14,14,919,68,11,12.91
15,15,413,11,12,9.98
16,16,88,76,16,3.94
17,17,297,24,12,3.18
18,18,731,59,2,45.46
19,19,720,90,12,2.6
20,20,941,21,19,1.23
21,21,17,47,13,1.04
22,22,941,34,16,1.46
23,23,736,33,9,3.33
24,24,903,99,4,35.0
25,25,257,78,9,2.11
26,26,347,40,1,39.99
27,27,493,24,3,29.98
28,28,588,18,12,7.74
29,29,40,90,15,0.63
30,30,934,1,17,0.4
31,31,229,34,17,18.23
32,32,483,94,9,7.21
33,33,986,39,16,3.44
34,34,187,32,12,0.83
35,35,583,32,10,2.97
36,36,608,34,14,1.21
37,37,746,88,4,9.5
38,38,351,31,9,0.55
39,39,226,24,1,19.99
40,40,268,48,17,1.0
41,41,502,92,15,1.2
42,42,702,62,14,2.14
43,43,764,50,10,54.5
44,44,650,11,5,3.2
45,45,371,27,11,11.73
46,46,784,97,13,1.87
47,47,133,62,7,7.14
48,48,720,72,3,10.4
49,49,571,101,5,15.98
50,50,349,36,9,4.78
51,51,458,39,10,0.96
52,52,461,92,19,10.47
53,53,486,72,17,1.45
54,54,145,40,1,40.79
55,55,946,62,15,1.47
56,56,384,97,6,5.81
57,57,410,56,18,1.02
58,58,76,60,2,14.52
59,59,414,74,11,10.9
60,60,191,70,12,0.92
61,61,249,83,10,1.2
62,62,804,3,5,5.0
63,63,442,27,16,0.28
64,64,86,101,19,1.79
65,65,412,59,10,1.7
66,66,519,18,6,18.32
67,67,131,88,13,7.69
68,68,2,54,15,2.27
69,69,119,21,9,69.89
70,70,324,32,16,2.58
71,71,685,68,9,4.22
72,72,238,40,10,2.31
73,73,217,27,9,11.78
74,74,822,39,3,9.15
75,75,311,73,2,9.99
76,76,698,68,7,13.71
77,77,903,95,16,8.75
78,78,287,70,13,4.07
79,79,307,90,9,2.44
80,80,975,11,12,1.54
81,81,174,11,1,139.99
82,82,97,76,7,18.57
83,83,900,78,15,1.33
84,84,341,54,18,0.44
85,85,612,70,4,4.74
86,86,761,73,12,16.5
87,87,943,27,4,6.25
88,88,224,1,5,8.27
89,89,859,15,13,1.46
90,90,326,8,15,6.26
91,91,571,49,12,6.66
92,92,203,65,2,22.5
93,93,765,16,10,0.8
94,94,745,80,2,25.0
95,95,805,23,12,3.87
96,96,842,34,18,6.39
97,97,124,60,18,5.0
98,98,777,80,8,2.2
99,99,326,3,9,10.44
100,100,834,24,8,3.22
101,101,987,94,4,1.62
102,102,350,65,8,3.12
103,103,64,33,9,2.22
104,104,37,33,17,1.29
105,105,462,94,8,3.62
106,106,156,32,1,111.82
107,107,417,92,14,0.74
108,108,752,59,6,3.33
109,109,810,94,7,5.0
110,110,626,49,4,2.0
111,111,808,33,3,6.3
112,112,795,70,18,1.83
113,113,544,94,11,1.0
114,114,981,90,2,7.99
115,115,64,8,18,1.11
116,116,31,34,14,4.64
117,117,758,12,5,8.5
118,118,948,33,3,9.0
119,119,90,74,3,5.94
120,120,948,16,14,1.93
121,121,861,104,7,70.71
122,122,233,43,11,1.82
123,123,530,24,18,1.61
124,124,138,84,17,1.53
125,125,970,43,18,0.72
126,126,765,34,10,0.8
127,127,255,77,6,20.0
128,128,362,83,2,6.0
129,129,12,70,16,0.7
130,130,272,23,12,5.83
131,131,846,88,14,0.86
132,132,117,6,19,2.05
133,133,411,8,7,2.14
134,134,833,43,13,2.31
135,135,891,68,16,4.04
136,136,896,48,7,8.17
137,137,81,24,9,3.61
138,138,312,33,10,4.0
139,139,783,96,6,2.66
140,140,888,104,12,1.75
141,141,627,84,11,3.16
142,142,812,38,13,1.31
143,143,257,50,18,1.05
144,144,358,76,5,7.91
145,145,839,65,7,3.17
146,146,182,81,14,1.5
147,147,597,72,16,0.75
148,148,960,97,18,1.78
149,149,142,68,16,1.31
150,150,770,34,16,4.06
151,151,707,60,17,5.29
152,152,471,90,19,0.37
153,153,119,79,17,37.0
154,154,225,72,13,1.5
155,155,55,88,15,2.34
156,156,946,9,17,1.29
157,157,503,40,13,0.92
158,158,768,95,2,7.24
159,159,793,32,3,10.99
160,160,162,77,11,1.09
161,161,480,3,17,8.8
162,162,909,102,6,11.48
163,163,128,77,1,211.72
164,164,472,95,17,1.02
165,165,972,54,19,2.37
166,166,278,88,2,17.77
167,167,244,40,17,3.12
168,168,50,6,17,0.47
169,169,902,23,15,4.67
170,170,778,59,15,1.31
171,171,124,88,5,18.0
172,172,256,8,4,1.38
173,173,429,96,17,2.35
174,174,201,92,4,7.0
175,175,963,32,5,7.42
176,176,548,70,7,9.32
177,177,761,95,6,33.0
178,178,445,27,2,2.0
179,179,856,32,8,2.3
180,180,301,40,1,34.29
181,181,601,11,10,4.4
182,182,974,101,14,0.7
183,183,718,88,13,0.88
184,184,622,23,8,5.5
185,185,726,95,5,16.0
186,186,131,77,19,5.26
187,187,855,92,13,1.69
188,188,476,90,6,2.86
189,189,765,54,16,0.5
190,190,402,40,12,2.5
191,191,376,81,15,1.17
192,192,439,12,3,8.66
193,193,696,100,8,3.62
194,194,379,1,12,2.42
195,195,729,15,17,0.65
196,196,665,40,13,1.69
197,197,785,54,2,4.89
198,198,117,103,7,5.57
199,199,229,21,14,22.14
200,200,379,68,9,3.22
201,201,418,9,8,8.25
202,202,46,79,6,2.91
203,203,840,68,16,5.62
204,204,741,8,3,76.44
205,205,887,18,8,4.45
206,206,352,47,3,11.3
207,207,61,102,1,11.99
208,208,925,102,4,6.0
209,209,935,34,14,0.71
210,210,406,47,14,1.21
211,211,674,59,19,29.63
212,212,692,92,16,0.81
213,213,574,9,16,3.43
214,214,537,76,10,1.7
215,215,401,8,7,1.43
216,216,606,77,14,0.57
217,217,40,76,11,0.86
218,218,978,81,11,27.27
219,219,233,16,14,1.43
220,220,52,74,4,41.5
221,221,476,34,1,17.17
222,222,552,81,18,0.88
223,223,601,42,7,6.28
224,224,131,1,15,6.67
225,225,561,72,14,4.62
226,226,40,81,7,1.35
227,227,216,77,18,2.5
228,228,376,98,5,3.5
229,229,11,39,12,7.08
230,230,875,59,11,10.0
231,231,552,49,9,1.77
232,232,265,59,1,48.99
233,233,704,54,18,0.94
234,234,473,12,14,1.1
235,235,724,24,14,4.24
236,236,35,38,6,6.9
237,237,59,100,19,2.0
238,238,546,16,7,14.0
239,239,19,103,19,5.0
240,240,890,97,1,64.75
241,241,964,101,5,2.88
242,242,725,43,3,4.75
243,243,958,56,19,4.74
244,244,589,49,8,12.38
245,245,971,1,11,0.92
246,246,56,27,7,3.14
247,247,702,59,1,29.99
248,248,187,12,4,2.5
249,249,205,79,19,5.12
250,250,449,84,15,4.73
251,251,892,8,6,9.25
252,252,959,94,10,12.0
253,253,378,42,15,6.0
254,254,354,15,14,1.21
255,255,83,102,2,25.5
256,256,428,31,13,4.42
257,257,261,103,19,16.58
258,258,808,68,1,18.89
259,259,535,62,6,102.5
260,260,363,90,8,1.5
261,261,756,90,17,1.53
262,262,499,23,11,1.45
263,263,187,100,12,0.83
264,264,841,54,16,6.55
265,265,582,76,8,1.87
266,266,221,1,10,3.56
267,267,319,9,19,40.53
268,268,207,95,5,5.05
269,269,121,31,2,6.1
270,270,161,11,4,7.24
271,271,813,40,17,0.88
272,272,911,60,15,1.86
273,273,91,90,1,26.32
274,274,648,24,1,21.99
275,275,881,16,2,13.98
276,276,347,6,4,10.0
277,277,133,50,16,3.12
278,278,941,100,10,2.34
279,279,681,100,4,4.15
280,280,258,101,8,1.7
281,281,439,50,1,25.99
282,282,564,15,9,10.55
283,283,797,33,17,1.06
284,284,179,21,9,1.33
285,285,213,99,11,24.54
286,286,509,81,3,17.66
287,287,285,9,13,4.84
288,288,613,8,6,6.32
289,289,488,31,6,1.66
290,290,490,56,7,3.57
291,291,432,12,11,0.53
292,292,397,54,18,0.94
293,293,664,99,10,16.0
294,294,334,38,6,26.57
295,295,327,104,13,2.46
296,296,695,103,3,4.34
297,297,925,71,7,3.43
298,298,263,83,5,695.8
299,299,469,96,16,0.84
300,300,580,74,5,7.2
301,301,908,72,17,2.82
302,302,779,18,16,0.62
303,303,640,23,4,4.24
304,304,153,54,2,5.22
305,305,890,74,6,10.79
306,306,163,31,3,9.0
307,307,644,11,16,1.85
308,308,835,40,13,15.38
309,309,923,95,15,1.6
310,310,288,102,18,1.35
311,311,949,62,11,17.27
312,312,508,32,16,2.81
313,313,713,36,6,0.83
314,314,123,76,1,14.5
315,315,473,6,19,0.81
316,316,257,31,7,2.71
317,317,754,16,13,0.77
318,318,537,73,17,1.0
319,319,839,100,18,1.23
320,320,715,100,13,2.19
321,321,329,97,4,6.55
322,322,154,102,12,5.0
323,323,698,21,17,5.65
324,324,286,1,13,10.0
325,325,268,78,9,1.89
326,326,892,71,1,55.5
327,327,823,62,8,1.29
328,328,923,21,19,1.26
329,329,816,11,7,2.86
330,330,911,23,8,3.49
331,331,306,81,1,53.01
332,332,823,68,15,0.69
333,333,26,18,18,4.78
334,334,425,95,5,18.58
335,335,417,54,14,0.74
336,336,9,36,4,5.98
337,337,103,23,15,1.24
338,338,845,23,12,3.58
339,339,787,6,12,8.33
340,340,837,6,14,3.35
341,341,438,59,17,0.63
342,342,799,23,17,0.88
343,343,528,102,12,1.75
344,344,84,47,1,19.9
345,345,655,74,16,0.87
346,346,814,71,7,1.26
347,347,687,3,11,0.91
348,348,604,94,2,4.0
349,349,690,8,17,1.29
350,350,961,102,7,4.28
351,351,365,27,19,1.21
352,352,915,59,18,1.67
353,353,479,73,16,4.87
354,354,304,83,4,7.49
355,355,997,94,19,0.74
356,356,94,81,5,7.73
357,357,156,68,19,5.89
358,358,528,71,14,1.5
359,359,296,18,18,0.33
360,360,480,68,7,21.38
361,361,296,11,4,1.5
362,362,308,43,16,0.94
363,363,306,60,16,3.31
364,364,849,48,13,2.46
365,365,79,18,3,20.09
366,366,717,80,4,4.44
367,367,563,33,1,13.99
368,368,260,50,10,1.57
369,369,661,3,9,1.01
370,370,941,31,3,7.81
371,371,630,27,1,16.99
372,372,261,31,4,78.75
373,373,129,9,17,2.53
374,374,378,71,16,5.62
375,375,859,3,12,1.58
376,376,30,39,10,4.15
377,377,367,72,4,7.2
378,378,522,71,5,71.99
379,379,843,59,19,0.47
380,380,612,83,4,4.74
381,381,470,42,10,4.31
382,382,807,8,5,3.84
383,383,373,90,11,1.0
384,384,428,48,3,19.15
385,385,823,34,5,2.06
386,386,650,72,4,4.0
387,387,515,33,17,1.06
388,388,931,18,5,35.8
389,389,395,84,6,1.21
390,390,6,47,17,1.47
391,391,137,1,11,1.09
392,392,288,1,12,2.02
393,393,656,68,19,3.16
394,394,915,84,13,2.31
395,395,733,68,8,37.37
396,396,518,68,6,1.56
397,397,250,39,11,1.82
398,398,30,94,1,41.49
399,399,348,1,17,7.65
400,400,526,98,18,0.3
401,401,223,6,3,11.48
402,402,949,71,16,11.87
403,403,369,80,6,1.83
404,404,680,88,6,9.67
405,405,224,99,8,5.17
406,406,397,83,2,8.5
407,407,991,6,8,2.16
408,408,298,95,3,12.0
409,409,169,23,14,7.86
410,410,776,60,17,0.71
411,411,844,97,12,1.41
412,412,334,15,17,9.38
413,413,467,92,17,0.59
414,414,848,84,1,45.95
415,415,971,32,11,0.92
416,416,334,65,6,26.57
417,417,392,36,7,8.57
418,418,584,97,4,17.5
419,419,773,62,14,0.68
420,420,138,78,17,1.53
421,421,55,96,8,4.39
422,422,738,81,6,6.06
423,423,666,81,11,3.91
424,424,992,88,7,1.72
425,425,813,78,1,14.99
426,426,679,96,15,25.09
427,427,550,6,7,10.0
428,428,743,81,15,13.5
429,429,118,27,17,4.87
430,430,144,56,17,1.34
431,431,669,72,13,0.69
432,432,287,34,12,4.41
433,433,270,36,12,2.5
434,434,414,6,15,8.0
435,435,679,40,12,31.36
436,436,989,80,4,3.5
437,437,874,33,14,3.57
438,438,2,8,5,6.8
439,439,753,38,6,2.16
440,440,764,96,7,77.86
441,441,972,8,14,3.21
442,442,401,18,4,2.5
443,443,311,98,1,19.99
444,444,913,43,16,2.08
445,445,483,33,12,5.41
446,446,498,81,7,2.0
447,447,44,1,2,51.5
448,448,919,62,4,35.5
449,449,177,62,14,1.43
450,450,563,60,9,1.55
451,451,258,1,15,0.91
452,452,107,11,17,4.12
453,453,432,62,11,0.53
454,454,401,101,8,1.25
455,455,595,99,17,6.05
456,456,366,11,17,3.01
457,457,959,84,15,8.0
458,458,893,56,17,0.56
459,459,495,1,6,1.66
460,460,564,32,2,47.5
461,461,488,60,3,3.33
462,462,34,72,6,1.66
463,463,526,18,8,0.69
464,464,447,74,17,2.35
465,465,930,3,11,4.09
466,466,422,74,19,0.5
467,467,140,42,11,5.45
468,468,357,9,8,10.31
469,469,802,90,9,1.68
470,470,539,3,4,12.75
471,471,28,96,17,9.5
472,472,510,36,14,5.35
473,473,467,42,14,0.71
474,474,89,98,17,0.76
475,475,910,80,6,3.33
476,476,197,9,18,2.06
477,477,965,81,3,4.66
478,478,181,54,14,6.57
479,479,249,103,17,0.71
480,480,786,40,6,5.0
481,481,136,90,13,9.0
482,482,229,50,17,18.23
483,483,559,95,19,1.84
484,484,68,103,10,5.86
485,485,989,62,6,2.33
486,486,628,98,7,42.71
487,487,319,73,19,40.53
488,488,887,15,13,2.74
489,489,199,100,10,0.87
490,490,24,23,16,0.81
491,491,115,50,14,1.21
492,492,390,70,11,2.29
493,493,809,38,18,0.56
494,494,14,15,9,15.68
495,495,679,31,15,25.09
496,496,496,104,7,5.43
497,497,732,102,13,5.38
498,498,212,34,2,6.3
499,499,893,56,10,0.95
500,500,286,65,16,8.12
501,501,501,83,5,20.6
502,502,644,96,2,14.81
503,503,865,39,6,15.0
504,504,469,71,13,1.04
505,505,516,103,19,4.21
506,506,314,84,17,0.47
507,507,422,18,5,1.88
508,508,616,73,2,5.49
509,509,766,34,14,2.85
510,510,391,94,18,4.84
511,511,390,3,15,1.68
512,512,918,62,16,3.03
513,513,369,34,6,1.83
514,514,626,40,12,0.67
515,515,86,76,10,3.4
516,516,52,24,9,18.44
517,517,658,47,2,43.94
518,518,898,8,19,0.79
519,519,138,95,4,6.49
520,520,376,70,12,1.46
521,521,783,97,2,8.0
522,522,500,94,11,1.09
523,523,141,81,4,4.0
524,524,687,50,7,1.42
525,525,152,49,16,0.62
526,526,329,74,8,3.27
527,527,385,77,5,8.8
528,528,265,76,5,9.8
529,529,209,103,1,220.0
530,530,855,77,17,1.29
531,531,295,16,19,0.95
532,532,805,97,5,9.29
533,533,879,54,7,5.43
534,534,913,84,2,16.64
535,535,794,32,7,3.71
536,536,925,38,17,1.41
537,537,58,71,14,1.46
538,538,513,40,19,13.68
539,539,435,68,6,27.49
540,540,670,99,13,1.92
541,541,258,99,16,0.85
542,542,646,34,18,0.62
543,543,579,16,19,7.37
544,544,712,80,17,15.7
545,545,487,77,2,11.62
546,546,737,101,17,1.29
547,547,350,92,16,1.56
548,548,844,83,6,2.82
549,549,739,72,16,7.03
550,550,58,72,13,1.57
551,551,203,31,4,11.25
552,552,488,8,9,1.11
553,553,519,33,15,7.33
554,554,462,48,12,2.41
555,555,619,49,19,1.16
556,556,967,103,17,24.31
557,557,415,96,2,5.0
558,558,367,100,4,7.2
559,559,777,56,13,1.35
560,560,634,49,8,1.62
561,561,824,102,9,3.33
562,562,681,32,9,1.84
563,563,996,94,16,0.62
564,564,842,104,6,19.16
565,565,693,40,19,0.25
566,566,300,90,11,12.18
567,567,783,95,4,4.0
568,568,962,48,3,12.62
569,569,249,1,11,1.09
570,570,162,8,3,3.98
571,571,814,12,2,4.39
572,572,299,36,11,1.45
573,573,713,73,8,0.62
574,574,595,79,13,7.92
575,575,232,50,14,7.07
576,576,746,74,11,3.45
577,577,938,71,17,1.3
578,578,664,9,5,32.0
579,579,477,60,10,2.1
580,580,325,23,4,32.5
581,581,798,42,5,100.57
582,582,129,11,17,2.53
583,583,798,8,12,41.9
584,584,983,77,16,0.61
585,585,706,81,8,8.4
586,586,600,40,5,2.64
587,587,231,39,9,17.66
588,588,663,94,19,1.44
589,589,629,99,15,3.99
590,590,410,99,11,1.67
591,591,799,36,6,2.5
592,592,689,71,11,4.18
593,593,26,100,14,6.14
594,594,584,39,4,17.5
595,595,30,71,14,2.96
596,596,524,40,6,3.83
597,597,838,38,6,4.65
598,598,579,73,11,12.73
599,599,931,76,11,16.27
600,600,168,3,9,17.22
601,601,626,77,9,0.89
602,602,618,78,4,84.75
603,603,632,72,13,1.15
604,604,559,39,16,2.19
605,605,987,100,10,0.65
606,606,341,42,17,0.47
607,607,697,101,1,16.99
608,608,10,80,5,3.24
609,609,812,103,6,2.83
610,610,759,79,1,298.0
611,611,659,42,17,0.78
612,612,861,50,3,165.0
613,613,424,21,14,0.94
614,614,979,54,13,4.38
615,615,49,80,15,0.33
616,616,264,83,3,2.66
617,617,844,81,6,2.82
618,618,212,49,17,0.74
619,619,58,95,5,4.07
620,620,421,88,12,1.67
621,621,15,31,4,17.5
622,622,889,103,2,4.0
623,623,496,70,6,6.33
624,624,802,103,15,1.01
625,625,620,90,13,10.77
626,626,941,24,5,4.68
627,627,982,48,4,17.5
628,628,834,99,5,5.16
629,629,528,101,9,2.33
630,630,614,43,12,2.42
631,631,388,32,10,2.9
632,632,734,12,4,72.97
633,633,566,11,5,5.4
634,634,963,6,14,2.65
635,635,564,92,15,6.33
636,636,192,65,19,0.59
637,637,895,8,9,13.71
638,638,883,15,9,7.78
639,639,657,56,10,60.0
640,640,887,11,1,35.62
641,641,712,49,10,26.68
642,642,194,39,2,8.49
643,643,363,68,7,1.71
644,644,921,101,17,1.76
645,645,177,59,11,1.82
646,646,139,80,1,149.99
647,647,86,23,5,6.8
648,648,447,50,9,4.44
649,649,530,94,15,1.93
650,650,696,88,7,4.14
651,651,835,79,3,66.66
652,652,692,84,12,1.08
653,653,59,16,8,4.75
654,654,907,92,5,6.5
655,655,83,78,5,10.2
656,656,659,6,15,0.89
657,657,349,15,4,10.75
658,658,822,92,15,1.83
659,659,838,49,7,3.99
660,660,609,81,6,3.83
661,661,367,36,2,14.4
662,662,346,47,6,5.98
663,663,624,96,7,22.86
664,664,354,74,4,4.25
665,665,435,94,18,9.16
666,666,208,103,12,2.08
667,667,919,34,6,23.67
668,668,994,18,19,5.26
669,669,25,34,11,1.9
670,670,962,101,2,18.93
671,671,168,100,8,19.37
672,672,918,34,4,12.12
673,673,502,73,3,6.0
674,674,334,54,18,8.86
675,675,550,8,18,3.89
676,676,643,68,3,4.44
677,677,452,83,4,4.0
678,678,874,76,12,4.16
679,679,596,43,16,2.75
680,680,202,103,1,39.99
681,681,204,36,5,13.96
682,682,975,56,7,2.64
683,683,163,50,9,3.0
684,684,91,18,19,1.39
685,685,249,11,17,0.71
686,686,32,97,7,7.39
687,687,200,78,11,0.91
688,688,693,48,18,0.26
689,689,648,62,17,1.29
690,690,8,42,18,1.41
691,691,355,16,11,4.36
692,692,100,54,9,3.71
693,693,668,80,8,24.44
694,694,981,47,4,4.0
695,695,653,54,16,16.24
696,696,953,79,14,12.85
697,697,713,48,3,1.66
698,698,359,81,15,0.46
699,699,157,38,3,76.66
700,700,735,56,10,1.44
701,701,287,104,7,7.55
702,702,265,65,4,12.25
703,703,357,8,4,20.62
704,704,609,3,9,2.55
705,705,732,97,16,4.37
706,706,430,18,11,0.91
707,707,352,12,12,2.82
708,708,536,34,13,2.19
709,709,278,98,3,11.85
710,710,314,48,19,0.42
711,711,120,33,6,4.0
712,712,768,43,14,1.03
713,713,311,100,10,2.0
714,714,609,42,3,7.66
715,715,686,33,1,11.94
716,716,909,6,2,34.45
717,717,160,31,9,8.22
718,718,551,94,8,2.62
719,719,304,98,10,3.0
720,720,323,74,13,8.46
721,721,3,74,2,8.98
722,722,67,59,14,2.14
723,723,556,49,10,1.32
724,724,613,68,18,2.1
725,725,363,56,8,1.5
726,726,801,11,15,1.93
727,727,747,65,15,8.73
728,728,767,62,7,25.28
729,729,831,43,6,2.53
730,730,273,84,7,4.28
731,731,801,68,14,2.07
732,732,660,99,5,3.4
733,733,234,42,18,9.72
734,734,816,65,2,9.99
735,735,354,1,10,1.7
736,736,682,24,12,16.67
737,737,386,65,7,2.48
738,738,47,77,7,7.86
739,739,89,72,5,2.6
740,740,136,81,7,16.71
741,741,786,92,17,1.76
742,742,471,96,4,1.75
743,743,418,72,13,5.08
744,744,455,78,16,0.31
745,745,419,49,9,7.22
746,746,430,100,9,1.11
747,747,312,31,1,39.99
748,748,160,43,11,6.73
749,749,493,104,5,17.99
750,750,250,74,17,1.18
751,751,874,8,14,3.57
752,752,278,74,12,2.96
753,753,732,36,12,5.83
754,754,919,48,7,20.29
755,755,408,49,18,1.5
756,756,625,65,19,2.21
757,757,946,84,4,5.5
758,758,740,34,12,1.58
759,759,931,68,4,44.75
760,760,364,27,8,4.62
761,761,44,48,8,12.88
762,762,654,70,11,1.82
763,763,122,11,1,79.99
764,764,680,104,19,3.05
765,765,180,79,5,9.8
766,766,945,39,12,1.61
767,767,153,23,13,0.8
768,768,164,3,13,3.67
769,769,909,6,14,4.92
770,770,759,40,13,22.92
771,771,191,72,2,5.52
772,772,860,104,3,9.6
773,773,49,23,3,1.66
774,774,210,8,16,7.91
775,775,990,34,15,1.57
776,776,899,73,1,17.99
777,777,882,24,14,0.85
778,778,680,60,19,3.05
779,779,52,95,19,8.74
780,780,964,24,16,0.9
781,781,564,79,11,8.64
782,782,889,59,7,1.14
783,783,964,71,8,1.8
784,784,841,100,7,14.97
785,785,922,54,15,3.92
786,786,36,90,7,2.86
787,787,293,34,7,19.43
788,788,276,24,3,12.0
789,789,76,101,18,1.61
790,790,902,12,16,4.37
791,791,718,102,14,0.82
792,792,143,80,4,5.6
793,793,478,101,16,0.87
794,794,894,33,16,1.64
795,795,223,23,8,4.3
796,796,746,33,11,3.45
797,797,804,34,1,24.99
798,798,172,43,15,1.93
799,799,356,38,11,7.09
800,800,710,54,15,1.07
801,801,904,56,8,1.0
802,802,63,104,16,3.37
803,803,670,32,19,1.31
804,804,255,24,6,20.0
805,805,59,60,7,5.43
806,806,33,32,18,1.09
807,807,384,39,12,2.9
808,808,630,24,19,0.89
809,809,71,31,8,48.62
810,810,317,15,12,1.85
811,811,311,99,3,6.66
812,812,300,78,11,12.18
813,813,708,12,3,5.66
814,814,411,96,8,1.87
815,815,330,62,1,35.99
816,816,236,23,17,1.94
817,817,284,36,2,8.99
818,818,222,31,10,17.0
819,819,686,40,4,2.98
820,820,657,77,5,120.0
821,821,632,24,15,1.0
822,822,743,98,19,10.66
823,823,327,101,18,1.78
824,824,653,84,1,259.9
825,825,559,48,10,3.5
826,826,977,11,15,1.6
827,827,633,27,14,1.82
828,828,941,34,10,2.34
829,829,487,73,9,2.58
830,830,163,50,1,26.99
831,831,976,42,17,0.88
832,832,144,65,1,22.8
833,833,142,68,6,3.5
834,834,673,40,12,2.63
835,835,209,21,3,73.33
836,836,992,54,5,2.41
837,837,909,103,3,22.97
838,838,820,18,13,5.85
839,839,468,83,17,0.99
840,840,922,42,9,6.53
841,841,823,77,15,0.69
842,842,10,103,8,2.02
843,843,503,98,13,0.92
844,844,77,97,18,2.5
845,845,720,68,19,1.64
846,846,693,76,1,4.73
847,847,599,32,15,1.27
848,848,852,76,7,18.57
849,849,860,72,6,4.8
850,850,545,1,4,3.99
851,851,647,48,4,6.48
852,852,839,103,2,11.08
853,853,861,15,6,82.5
854,854,414,103,2,59.98
855,855,743,98,4,50.63
856,856,449,102,10,7.1
857,857,664,76,16,10.0
858,858,829,96,8,11.88
859,859,55,65,7,5.02
860,860,248,23,3,11.75
861,861,102,9,9,3.78
862,862,630,60,7,2.43
863,863,799,18,3,5.0
864,864,663,32,13,2.1
865,865,537,59,16,1.06
866,866,144,49,11,2.07
867,867,409,33,19,0.95
868,868,517,101,9,1.0
869,869,846,54,9,1.33
870,870,782,50,6,23.32
871,871,205,74,12,8.1
872,872,256,77,11,0.5
873,873,379,8,16,1.81
874,874,213,6,14,19.28
875,875,762,101,11,1.18
876,876,23,79,14,0.91
877,877,327,99,8,4.0
878,878,659,102,5,2.66
879,879,116,54,13,1.92
880,880,32,3,1,51.74
881,881,809,101,16,0.62
882,882,352,99,8,4.24
883,883,676,47,17,1.61
884,884,131,40,6,16.66
885,885,959,100,9,13.33
886,886,754,31,6,1.66
887,887,784,76,2,12.15
888,888,827,65,18,16.56
889,889,989,27,17,0.82
890,890,254,94,1,10.99
891,891,109,42,9,3.4
892,892,477,56,16,1.31
893,893,882,97,13,0.92
894,894,719,77,9,3.88
895,895,979,40,9,6.33
896,896,127,16,2,6.5
897,897,955,36,12,0.42
898,898,949,50,17,11.18
899,899,760,65,5,30.0
900,900,89,84,13,1.0
901,901,719,33,9,3.88
902,902,622,15,2,22.0
903,903,115,72,6,2.82
904,904,629,21,1,59.79
905,905,529,103,8,3.87
906,906,253,47,12,6.33
907,907,297,12,11,3.47
908,908,341,71,8,1.0
909,909,291,72,10,4.2
910,910,372,97,14,0.71
911,911,773,31,13,0.74
912,912,945,54,8,2.41
913,913,747,18,2,65.47
914,914,812,16,9,1.89
915,915,850,60,1,59.99
916,916,822,78,17,1.61
917,917,357,100,13,6.35
918,918,216,40,5,9.01
919,919,638,99,11,1.27
920,920,858,43,9,1.79
921,921,437,9,14,13.16
922,922,863,49,4,2.6
923,923,992,32,10,1.2
924,924,679,83,11,34.21
925,925,377,94,10,3.06
926,926,135,23,2,14.5
927,927,561,73,15,4.32
928,928,600,71,13,1.01
929,929,746,42,11,3.45
930,930,80,23,13,1.38
931,931,568,96,6,10.5
932,932,341,97,9,0.89
933,933,584,27,6,11.66
934,934,416,6,16,8.54
935,935,496,18,13,2.92
936,936,913,59,3,11.1
937,937,75,48,9,1.6
938,938,697,54,17,1.0
939,939,349,76,16,2.69
940,940,478,74,18,0.77
941,941,418,74,16,4.12
942,942,619,83,8,2.76
943,943,655,68,13,1.08
944,944,574,56,10,5.5
945,945,794,8,3,8.66
946,946,430,18,17,0.59
947,947,432,92,6,0.97
948,948,416,101,2,68.32
949,949,821,62,14,42.79
950,950,413,83,10,11.97
951,951,818,77,13,1.19
952,952,714,40,8,0.97
953,953,645,76,2,28.66
954,954,734,34,13,22.45
955,955,557,90,4,13.74
956,956,894,21,14,1.87
957,957,153,95,19,0.55
958,958,777,3,3,5.86
959,959,718,38,12,0.96
960,960,352,3,10,3.39
961,961,760,9,15,10.0
962,962,996,47,3,3.33
963,963,188,40,18,12.39
964,964,265,8,14,3.5
965,965,250,99,6,3.33
966,966,485,42,17,4.94
967,967,877,81,13,1.15
968,968,774,104,8,12.38
969,969,81,11,19,1.71
970,970,754,47,1,9.95
971,971,938,90,6,3.68
972,972,329,101,5,5.24
973,973,438,60,14,0.77
974,974,77,99,14,3.21
975,975,854,102,12,0.92
976,976,106,100,2,20.0
977,977,265,102,5,9.8
978,978,47,73,2,27.5
979,979,743,97,2,101.26
980,980,573,21,8,6.54
981,981,524,9,11,2.09
982,982,69,56,12,6.33
983,983,462,49,13,2.23
984,984,626,50,10,0.8
985,985,593,92,14,1.66
986,986,359,104,8,0.87
987,987,196,16,19,1.84
988,988,600,12,12,1.1
989,989,914,40,15,0.93
990,990,406,3,5,3.4
991,991,13,11,8,5.62
992,992,7,47,10,2.1
993,993,989,74,14,1.0
994,994,937,12,11,0.58
995,995,719,54,17,2.05
996,996,660,36,6,2.83
997,997,934,96,2,3.38
998,998,417,101,15,0.69
999,999,107,96,11,6.36
1000,247,894,102,6,9.49
1001,759,125,65,10,89.99
1002,806,935,48,9,6.75
1003,26,364,104,8,11.99
1004,510,55,38,6,49.99
1005,525,635,42,6,12.98
1006,52,175,23,1,139.99
1007,448,387,32,7,17.39
1008,471,71,74,9,14.94
1009,579,216,54,3,194.49
1010,420,380,36,3,28.99
1011,232,426,80,3,92.89
1012,804,389,43,3,28.99
1013,215,175,23,1,139.99
1014,695,245,15,1,53.0
1015,889,215,102,8,24.95
1016,40,320,94,2,770.0
1017,744,971,9,7,12.95
1018,903,550,32,4,19.99
1019,652,224,79,10,34.43
1020,957,185,39,3,21.99
1021,909,352,83,7,4.99
1022,838,945,84,6,22.99
1023,847,598,16,4,11.99
1024,911,429,79,4,57.45
1025,592,209,56,3,24.95
1026,412,412,9,1,14.99
1027,380,641,16,3,16.97
1028,867,990,39,3,13.99
1029,586,935,48,8,6.75
1030,562,939,88,3,22.07
1031,278,622,103,4,8.99
1032,284,294,92,7,135.99
1033,450,867,94,5,34.98
1034,249,678,77,3,63.0
1035,491,930,9,8,8.49
1036,87,353,92,7,33.9
1037,401,189,96,4,222.99
1038,173,85,84,3,19.9
1039,654,24,70,5,12.74
1040,466,836,68,7,199.99
1041,297,100,16,8,25.99
1042,908,432,59,4,62.99
1043,840,112,103,4,26.64
1044,552,490,70,7,14.99
1045,769,91,62,6,17.81
1046,114,929,88,1,17.26
1047,35,306,21,9,39.99
1048,48,297,56,3,5.99
1049,798,8,50,7,20.99
1050,272,610,77,6,22.99
1051,604,292,24,5,42.0
1052,836,703,83,7,29.99
1053,26,617,68,7,10.98
1054,837,139,92,6,25.95
1055,540,502,65,2,102.99
1056,67,338,101,1,9.11
1057,21,956,60,3,4.99
1058,825,884,104,10,69.99
1059,482,919,101,4,48.49
1060,551,777,9,10,11.99
1061,455,787,15,2,29.99
1062,322,71,74,2,14.94
1063,768,907,8,9,179.99
1064,979,547,24,9,97.99
1065,931,596,98,9,102.91
1066,504,352,83,8,4.99
1067,72,444,39,9,10.99
1068,458,670,98,1,8.98
1069,811,424,50,2,25.99
1070,517,994,21,8,54.96
1071,823,95,50,4,38.67
1072,245,522,88,4,169.0
1073,646,788,83,10,99.99
1074,426,946,24,3,19.3
1075,51,794,95,2,32.98
1076,139,953,88,2,29.61
1077,126,139,92,10,25.95
1078,125,462,83,1,199.0
1079,576,909,8,9,47.99
1080,523,754,84,6,12.99
1081,177,935,48,9,6.75
1082,191,516,40,10,17.99
1083,482,467,102,8,52.95
1084,234,806,60,6,46.44
1085,932,63,70,6,72.55
1086,277,654,101,5,259.9
1087,648,405,12,9,177.0
1088,165,216,54,1,194.49
1089,513,72,6,6,389.0
1090,652,74,8,1,9.99
1091,180,863,6,10,13.2
1092,45,938,95,5,6.33
1093,130,493,11,4,26.39
1094,167,973,88,9,44.99
1095,323,714,104,3,4.99
1096,11,386,32,3,43.98
1097,359,671,96,2,24.95
1098,370,402,8,3,9.99
1099,718,703,83,8,29.99
1100,131,148,12,6,6.85
1101,880,70,103,9,75.99
1102,81,957,60,3,26.95
1103,588,235,12,4,175.0
1104,553,714,104,9,4.99
1105,851,481,98,3,149.66
1106,931,473,42,8,17.31
1107,970,122,84,9,12.19
1108,799,541,70,5,48.99
1109,783,964,94,8,37.09
1110,930,221,73,8,8.99
1111,814,99,104,6,12.95
1112,641,277,90,2,35.99
1113,354,527,12,10,5.49
1114,647,235,12,2,175.0
1115,568,329,70,10,24.0
1116,460,728,74,3,940.0
1117,558,752,92,9,19.99
1118,901,453,12,9,16.0
1119,686,176,98,1,21.99
1120,970,781,16,9,17.88
1121,107,892,92,1,64.7
1122,444,701,96,4,19.99
1123,504,203,50,4,39.99
1124,809,685,101,7,897.56
1125,571,343,32,3,56.99
1126,593,910,36,4,68.9
1127,175,843,15,2,114.95
1128,392,51,33,2,7.99
1129,922,148,12,9,6.85
1130,215,507,78,4,25.99
1131,317,757,8,6,25.99
1132,914,902,81,8,969.0
1133,97,963,33,3,37.87
1134,122,866,6,5,89.99
1135,450,933,88,2,10.49
1136,633,173,42,8,28.99
1137,517,234,83,9,19.99
1138,44,853,43,7,129.99
1139,962,167,1,4,371.0
1140,770,807,102,5,120.0
1141,853,233,39,3,99.0
1142,219,165,32,4,47.67
1143,585,227,80,2,19.99
1144,451,676,100,7,60.52
1145,77,924,83,10,23.99
1146,211,533,103,9,12.15
1147,780,42,100,4,140.88
1148,218,793,48,2,23.99
1149,657,613,100,3,18.95
1150,155,240,60,10,93.39
1151,797,455,36,1,187.46
1152,232,58,49,6,15.99
1153,827,726,42,8,14.26
1154,359,609,79,8,16.95
1155,64,469,104,8,16.79
1156,361,115,99,9,4.28
1157,450,375,60,9,338.78
1158,430,870,68,8,6.99
1159,283,638,18,2,14.19
1160,698,187,54,6,9.99
1161,715,119,79,4,82.84
1162,501,618,96,6,48.14
1163,380,733,38,2,69.99
1164,273,996,21,4,111.99
1165,785,915,39,5,13.99
1166,82,984,100,9,9.76
1167,951,595,1,1,14.48
1168,372,625,95,1,159.99
1169,635,652,59,10,45.92
1170,265,438,33,8,184.21
1171,937,724,59,8,7.22
1172,784,520,81,6,109.95
1173,106,50,98,4,4.99
1174,154,575,68,7,54.95
1175,171,449,36,9,9.99
1176,750,331,100,9,35.99
1177,20,949,101,2,26.99
1178,22,858,104,10,49.99
1179,572,257,11,1,5.51
1180,38,355,99,4,16.99
1181,570,939,88,7,22.07
1182,857,305,36,7,29.95
1183,363,138,62,9,11.99
1184,733,792,71,3,33.99
1185,375,912,74,9,27.92
1186,330,344,83,9,69.99
1187,477,605,70,8,7.99
1188,548,155,74,2,60.0
1189,196,445,84,2,14.47
1190,814,654,101,5,259.9
1191,149,64,83,3,53.93
1192,341,751,90,5,65.99
1193,286,907,8,10,179.99
1194,771,364,104,7,11.99
1195,487,754,84,3,12.99
1196,496,119,79,2,82.84
1197,124,331,100,3,35.99
1198,212,999,101,4,39.95
1199,204,593,54,4,34.99
1200,958,175,23,10,139.99
1201,516,344,83,2,69.99
1202,425,308,47,7,21.98
1203,653,645,68,10,29.62
1204,359,953,88,3,29.61
1205,665,788,83,6,99.99
1206,139,743,72,5,36.0
1207,255,312,56,4,19.99
1208,461,314,62,2,26.99
1209,5,890,103,5,7.99
1210,688,113,72,2,35.99
1211,946,423,70,1,9.42
1212,283,463,36,8,28.97
1213,961,224,79,9,34.43
1214,348,886,48,6,26.74
1215,782,753,15,5,19.99
1216,240,208,54,3,25.25
1217,494,907,8,3,179.99
1218,913,658,50,3,599.99
1219,138,77,47,5,29.03
1220,850,206,101,2,97.19
1221,982,884,104,1,69.99
1222,508,518,32,1,8.99
1223,968,97,56,7,31.11
1224,671,279,40,10,35.54
1225,740,369,8,4,3.99
1226,53,586,47,6,14.09
1227,287,440,18,8,25.99
1228,563,990,39,4,13.99
1229,679,533,103,7,12.15
1230,729,961,92,9,31.98
1231,814,638,18,1,14.19
1232,540,897,42,1,57.22
1233,594,475,78,5,166.07
1234,288,368,96,8,28.8
1235,618,234,83,2,19.99
1236,992,279,40,6,35.54
1237,318,41,98,7,9.47
1238,78,279,40,6,35.54
1239,32,341,9,6,13.99
1240,827,249,47,5,35.24
1241,859,489,50,4,9.99
1242,714,185,39,6,21.99
1243,244,391,99,2,25.22
1244,124,500,23,4,15.99
1245,702,577,38,1,399.99
1246,888,20,42,9,94.94
1247,193,903,42,4,69.99
1248,665,741,101,9,18.97
1249,381,258,12,10,18.95
1250,505,500,23,3,15.99
1251,878,953,88,8,29.61
1252,139,332,60,1,28.49
1253,378,187,54,2,9.99
1254,545,59,42,5,20.37
1255,102,981,32,8,17.99
1256,158,570,84,2,203.59
1257,801,593,54,8,34.99
1258,424,602,103,1,43.99
1259,436,678,77,5,63.0
1260,374,366,23,3,22.99
1261,246,469,104,10,16.79
1262,809,835,76,3,25.8
1263,696,914,31,7,33.29
1264,267,495,59,5,34.99
1265,772,859,79,8,16.14
1266,491,636,43,5,14.99
1267,500,468,95,1,9.99
1268,81,721,43,9,31.19
1269,239,360,21,2,6.97
1270,615,748,84,1,130.95
1271,643,385,94,3,34.86
1272,481,801,90,6,19.99
1273,721,65,76,2,19.99
1274,711,39,24,7,16.99
1275,509,429,79,8,57.45
1276,497,862,103,9,495.0
1277,494,298,3,5,38.16
1278,522,177,33,5,332.99
1279,209,831,96,1,7.48
1280,269,299,101,8,35.99
1281,207,906,23,8,555.54
1282,565,928,38,7,27.99
1283,268,226,9,8,19.49
1284,760,707,73,4,67.18
1285,66,897,42,4,57.22
1286,135,960,18,10,119.99
1287,952,962,54,4,29.99
1288,616,36,15,1,41.39
1289,237,516,40,9,17.99
1290,590,331,100,6,35.99
1291,199,713,40,9,266.82
1292,919,322,70,3,99.99
1293,986,268,65,6,13.5
1294,988,982,80,7,15.98
1295,360,308,47,7,21.98
1296,682,946,24,6,19.3
1297,223,660,101,8,13.29
1298,156,235,12,8,175.0
1299,874,36,15,3,41.39
1300,851,97,56,1,31.11
1301,413,193,47,2,11.18
1302,972,488,31,10,23.23
1303,263,99,104,2,12.95
1304,524,199,65,8,58.99
1305,931,970,9,8,17.99
1306,282,517,12,4,79.9
1307,47,531,95,5,28.99
1308,283,888,98,8,35.62
1309,59,499,95,2,13.98
1310,888,601,71,4,13.19
1311,430,221,73,10,8.99
1312,268,499,95,2,13.98
1313,90,366,23,10,22.99
1314,930,84,80,1,50.99
1315,457,409,72,8,26.99
1316,807,29,96,2,161.49
1317,583,728,74,3,940.0
1318,568,11,100,8,11.24
1319,778,376,16,8,13.39
1320,271,858,104,4,49.99
1321,465,325,43,7,41.36
1322,923,702,59,1,67.88
1323,862,916,23,6,29.99
1324,432,543,79,2,66.5
1325,240,545,9,8,10.99
1326,369,716,62,1,28.5
1327,710,338,101,4,9.11
1328,631,366,23,10,22.99
1329,661,762,88,2,197.99
1330,981,583,99,7,14.99
1331,769,427,103,3,29.99
1332,636,735,96,2,291.9
1333,659,890,103,4,7.99
1334,894,395,73,6,52.8
1335,253,29,96,8,161.49
1336,244,855,38,8,10.99
1337,886,131,77,2,15.72
1338,947,837,24,4,399.0
1339,55,154,49,7,10.44
1340,132,610,77,8,22.99
1341,762,139,92,3,25.95
1342,471,483,77,5,25.99
1343,600,62,95,3,11.99
1344,539,787,15,3,29.99
1345,609,527,12,7,5.49
1346,464,849,11,1,45.95
1347,242,732,8,2,90.92
1348,160,73,74,9,9.95
1349,779,213,11,9,12.59
1350,172,120,24,4,629.0
1351,472,736,24,2,14.39
1352,204,388,99,6,39.67
1353,387,982,80,2,15.98
1354,541,693,39,2,12.99
1355,145,742,54,8,229.33
1356,455,476,96,8,11.27
1357,116,854,42,5,13.99
1358,210,343,32,10,56.99
1359,952,171,42,6,5.59
1360,385,710,47,6,9.99
1361,784,724,59,3,7.22
1362,588,259,103,9,13.59
1363,722,88,77,2,59.99
1364,333,267,33,3,151.99
1365,605,40,92,5,69.95
1366,998,722,38,6,9.99
1367,859,227,80,6,19.99
1368,503,159,27,10,69.99
1369,353,971,9,2,12.95
1370,92,750,95,4,10.08
1371,391,425,59,7,13.21
1372,661,475,78,3,166.07
1373,514,147,31,10,9.99
1374,796,437,49,8,5.39
1375,424,205,54,4,69.79
1376,788,591,8,5,139.99
1377,376,569,101,1,62.99
1378,539,702,59,1,67.88
1379,264,950,72,6,189.99
1380,465,25,43,1,12.99
1381,163,297,56,8,5.99
1382,449,835,76,2,25.8
1383,535,675,23,9,563.0
1384,263,361,76,3,64.9
1385,915,757,8,7,25.99
1386,503,27,99,9,85.99
1387,112,497,99,6,37.99
1388,784,96,54,8,32.99
1389,393,691,42,2,21.99
1390,446,102,3,4,19.99
1391,493,100,16,3,25.99
1392,950,554,1,8,7.33
1393,594,207,60,6,159.99
1394,773,17,98,9,6.19
1395,683,944,78,4,24.99
1396,666,551,72,1,69.99
1397,936,891,95,3,64.75
1398,729,52,71,7,14.49
1399,691,283,90,10,6.99
1400,695,586,47,2,14.09
1401,914,959,74,8,89.99
1402,329,823,77,5,27.45
1403,81,293,31,3,12.98
1404,42,512,88,9,28.05
1405,26,229,6,8,29.59
1406,963,465,15,5,56.99
1407,903,714,104,4,4.99
1408,797,904,33,4,139.99
1409,63,191,81,3,149.99
1410,96,617,68,8,10.98
1411,966,203,50,8,39.99
1412,735,622,103,4,8.99
1413,213,12,78,9,84.99
1414,557,633,36,6,14.99
1415,7,411,39,8,18.35
1416,951,151,99,8,19.98
1417,607,819,27,5,15.53
1418,722,390,68,1,48.99
1419,990,660,101,1,13.29
1420,939,929,88,1,17.26
1421,113,236,97,1,26.98
1422,777,920,15,8,142.0
1423,176,304,38,10,7.69
1424,279,342,71,7,8.0
1425,107,657,103,10,59.95
1426,119,46,24,2,90.09
1427,450,609,79,3,16.95
1428,986,314,62,3,26.99
1429,633,823,77,9,27.45
1430,111,234,83,4,19.99
1431,191,658,50,1,599.99
1432,349,640,15,8,19.99
1433,544,753,15,6,19.99
1434,621,118,43,4,38.99
1435,115,759,65,7,42.5
1436,314,224,79,3,34.43
1437,916,779,38,2,19.6
1438,859,225,88,7,41.34
1439,357,38,11,1,21.98
1440,437,106,12,8,39.89
1441,134,795,95,5,25.99
1442,744,859,79,2,16.14
1443,950,99,104,4,12.95
1444,589,463,36,8,28.97
1445,134,477,101,4,17.17
1446,496,341,9,2,13.99
1447,763,727,101,3,79.99
1448,899,766,56,3,7.99
1449,72,467,102,10,52.95
1450,139,357,101,3,78.0
1451,723,629,78,1,299.0
1452,701,636,43,7,14.99
1453,116,449,36,3,9.99
1454,838,586,47,7,14.09
1455,294,236,97,9,26.98
1456,872,668,59,3,44.25
1457,589,209,56,2,24.95
1458,320,589,80,2,92.89
1459,174,258,12,9,18.95
1460,501,733,38,7,69.99
1461,162,892,92,10,64.7
1462,432,410,24,2,17.99
1463,516,444,39,6,10.99
1464,450,198,43,6,36.99
1465,976,870,68,9,6.99
1466,370,376,16,9,13.39
1467,971,557,27,7,13.15
1468,803,997,80,7,9.99
1469,203,885,24,3,5.41
1470,18,920,15,1,142.0
1471,86,439,70,3,10.79
1472,586,108,79,7,69.99
1473,401,554,1,7,7.33
1474,24,445,84,10,14.47
1475,303,79,88,8,28.24
1476,399,745,11,1,129.95
1477,944,360,21,3,6.97
1478,622,38,11,4,21.98
1479,873,895,97,4,26.19
1480,797,617,68,9,10.98
1481,913,201,54,7,9.99
1482,751,941,18,9,21.99
1483,940,318,104,2,22.24
1484,44,633,36,2,14.99
1485,149,168,62,3,24.36
1486,337,856,97,5,21.99
1487,381,643,84,6,108.0
1488,507,189,96,2,222.99
1489,570,737,16,10,29.98
1490,670,721,43,1,31.19
1491,513,214,95,2,269.98
1492,228,712,33,10,7.99
1493,99,89,43,7,62.99
1494,324,750,95,9,10.08
1495,158,828,72,5,298.0
1496,943,737,16,7,29.98
1497,923,535,27,6,35.79
1498,255,791,76,2,29.99
1499,343,345,6,1,120.99
1500,964,74,8,7,9.99
1501,319,865,90,3,9.84
1502,547,918,11,10,368.0
1503,745,737,16,3,29.98
1504,414,278,24,1,59.96
1505,464,648,88,10,25.94
1506,948,253,12,4,389.0
1507,947,333,24,1,89.99
1508,36,683,11,8,199.99
1509,156,613,100,1,18.95
1510,786,163,81,8,11.95
1511,571,186,84,3,18.78
1512,27,673,99,3,25.43
1513,449,908,43,7,32.49
1514,479,207,60,7,159.99
1515,503,838,54,9,46.84
1516,165,623,98,7,43.99
1517,309,370,33,7,10.99
1518,252,593,54,10,34.99
1519,333,331,100,5,35.99
1520,858,948,56,5,66.98
1521,903,17,98,6,6.19
1522,650,22,50,2,12.8
1523,258,606,97,1,21.99
1524,718,711,88,8,15.99
1525,722,304,38,7,7.69
1526,564,438,33,8,184.21
1527,116,132,24,10,99.99
1528,845,143,9,3,20.98
1529,98,952,11,6,19.99
1530,389,681,24,5,57.99
1531,454,768,79,7,176.95
1532,405,863,6,7,13.2
1533,919,795,95,4,25.99
1534,529,531,95,1,28.99
1535,650,723,99,10,35.08
1536,478,495,59,6,34.99
1537,470,136,59,8,28.99
1538,406,928,38,2,27.99
1539,349,721,43,5,31.19
1540,420,136,59,5,28.99
1541,435,814,60,4,14.99
1542,440,152,81,10,19.6
1543,409,910,36,6,68.9
1544,338,649,65,8,21.99
1545,985,606,97,2,21.99
1546,87,300,90,7,15.99
1547,402,390,68,2,48.99
1548,662,188,104,7,9.99
1549,430,609,79,6,16.95
1550,180,469,104,2,16.79
1551,239,796,65,7,32.99
1552,179,580,80,2,139.99
1553,436,401,98,4,57.04
1554,778,557,27,10,13.15
1555,135,631,104,9,16.99
1556,256,390,68,7,48.99
1557,219,442,38,4,337.0
1558,784,915,39,6,13.99
1559,852,839,32,4,27.9
1560,698,25,43,9,12.99
1561,261,364,104,5,11.99
1562,393,204,99,8,44.99
1563,551,167,1,7,371.0
1564,945,944,78,5,24.99
1565,812,392,27,2,87.06
1566,789,121,31,5,23.99
1567,274,235,12,5,175.0
1568,861,790,36,7,104.0
1569,275,294,92,7,135.99
1570,655,234,83,6,19.99
1571,595,638,18,10,14.19
1572,276,35,33,8,9.99
1573,508,653,33,2,59.99
1574,779,967,98,2,23.9
1575,598,190,47,6,44.0
1576,532,879,103,10,104.98
1577,746,587,92,2,13.59
1578,548,863,6,9,13.2
1579,881,711,88,5,15.99
1580,184,714,104,5,4.99
1581,807,551,72,8,69.99
1582,787,714,104,2,4.99
1583,315,137,50,4,116.99
1584,957,780,3,8,9.98
1585,440,930,9,9,8.49
1586,161,91,62,1,17.81
1587,626,524,104,4,16.99
1588,19,137,50,7,116.99
1589,368,785,78,2,24.3
1590,248,93,27,4,18.99
1591,612,671,96,9,24.95
1592,173,60,31,9,37.99
1593,496,72,6,1,389.0
1594,574,112,103,1,26.64
1595,851,318,104,10,22.24
1596,644,924,83,4,23.99
1597,750,629,78,6,299.0
1598,143,345,6,1,120.99
1599,148,367,60,7,51.2
1600,7,872,88,7,54.99
1601,611,333,24,9,89.99
1602,508,93,27,1,18.99
1603,759,526,15,4,19.99
1604,522,740,62,4,112.49
1605,2,917,97,8,15.95
1606,230,35,33,9,9.99
1607,720,519,38,1,9.36
1608,727,52,71,6,14.49
1609,926,348,73,10,39.99
1610,75,170,104,10,109.99
1611,773,800,16,6,14.99
1612,977,945,84,9,22.99
1613,106,262,74,5,314.99
1614,359,762,88,6,197.99
1615,188,50,98,2,4.99
1616,333,99,104,5,12.95
1617,57,131,77,8,15.72
1618,670,503,12,6,17.99
1619,850,432,59,4,62.99
1620,782,265,72,5,7.99
1621,393,615,90,2,28.98
1622,806,593,54,4,34.99
1623,217,202,100,8,27.99
1624,477,125,65,6,89.99
1625,831,917,97,9,15.95
1626,156,293,31,5,12.98
1627,915,622,103,2,8.99
1628,617,677,73,8,27.32
1629,197,687,59,3,11.94
1630,6,5,71,5,799.0
1631,116,522,88,9,169.0
1632,285,514,18,7,259.99
1633,232,229,6,7,29.59
1634,570,598,16,9,11.99
1635,955,811,54,6,34.99
1636,430,853,43,5,129.99
1637,585,415,90,10,119.95
1638,291,444,39,3,10.99
1639,122,430,8,5,39.99
1640,538,932,102,8,179.0
1641,622,454,23,6,6.99
1642,415,243,42,3,169.99
1643,336,611,95,8,79.84
1644,38,953,88,4,29.61
1645,939,652,59,8,45.92
1646,501,346,62,9,19.99
1647,419,763,73,6,12.99
1648,647,799,90,7,502.85
1649,14,931,73,1,44.96
1650,960,814,60,6,14.99
1651,686,502,65,4,102.99
1652,928,978,40,5,23.99
1653,285,513,32,9,59.99
1654,383,982,80,8,15.98
1655,500,255,92,7,10.99
1656,814,658,50,3,599.99
1657,766,288,77,5,52.87
1658,445,592,84,9,14.72
1659,772,580,80,9,139.99
1660,160,894,102,7,9.49
1661,492,44,78,3,12.98
1662,15,454,23,4,6.99
1663,468,854,42,6,13.99
1664,299,357,101,6,78.0
1665,603,512,88,3,28.05
1666,587,489,50,3,9.99
1667,69,197,70,3,34.99
1668,560,240,60,2,93.39
1669,604,194,27,4,27.99
1670,364,251,104,1,19.99
1671,489,570,84,4,203.59
1672,40,432,59,5,62.99
1673,3,4,83,7,17.95
1674,912,878,8,2,14.9
1675,839,94,90,4,126.98
1676,384,725,48,5,59.4
1677,974,32,74,10,64.95
1678,569,312,56,7,19.99
1679,665,244,102,10,37.99
1680,167,221,73,8,8.99
1681,773,716,62,4,28.5
1682,820,331,100,1,35.99
1683,559,337,38,10,130.5
1684,775,925,60,8,69.99
1685,836,559,40,6,56.99
1686,580,832,98,7,15.19
1687,730,695,38,10,89.99
1688,157,387,32,6,17.39
1689,352,879,103,3,104.98
1690,370,249,47,4,35.24
1691,108,800,16,4,14.99
1692,920,680,104,8,376.36
1693,281,941,18,1,21.99
1694,349,444,39,3,10.99
1695,856,963,33,6,37.87
1696,383,137,50,5,116.99
1697,898,619,47,8,339.0
1698,415,731,27,6,17.98
1699,735,81,98,7,17.99
1700,953,767,68,8,39.87
1701,836,560,40,1,56.99
1702,101,494,11,4,26.39
1703,173,656,31,10,13.99
1704,10,541,70,3,48.99
1705,898,561,56,8,5.67
1706,590,951,33,5,7.99
1707,539,900,39,3,17.99
1708,827,467,102,1,52.95
1709,334,903,42,2,69.99
1710,885,306,21,10,39.99
1711,583,412,9,10,14.99
1712,504,536,38,5,614.97
1713,580,8,50,5,20.99
1714,600,197,70,1,34.99
1715,429,674,1,1,31.56
1716,842,123,83,9,79.99
1717,357,800,16,4,14.99
1718,31,750,95,8,10.08
1719,199,765,56,10,545.0
1720,103,899,24,10,14.98
1721,731,980,16,4,56.99
1722,673,437,49,1,5.39
1723,706,16,80,9,69.99
1724,139,190,47,1,44.0
1725,733,965,42,2,14.39
1726,986,74,8,7,9.99
1727,758,663,68,7,26.95
1728,810,557,27,4,13.15
1729,312,170,104,9,109.99
1730,573,784,39,7,15.99
1731,859,237,8,5,32.99
1732,565,330,12,1,26.19
1733,109,631,104,8,16.99
1734,402,231,54,8,95.03
1735,504,140,74,9,149.99
1736,354,624,43,2,20.95
1737,476,323,21,6,16.99
1738,729,417,43,2,136.65
1739,855,525,100,10,22.99
1740,508,681,24,4,57.99
1741,405,847,97,10,11.99
1742,1,608,24,10,327.3
1743,842,909,8,7,47.99
1744,451,495,59,4,34.99
1745,270,526,15,4,19.99
1746,578,808,62,10,19.19
1747,468,100,16,1,25.99
1748,526,234,83,9,19.99
1749,231,424,50,7,25.99
1750,636,194,27,8,27.99
1751,221,492,92,2,15.99
1752,901,102,3,7,19.99
1753,258,588,73,2,18.95
1754,219,423,70,6,9.42
1755,733,374,78,1,10.99
1756,351,579,38,7,22.99
1757,600,634,33,7,25.48
1758,193,845,79,9,16.95
1759,397,789,38,10,17.99
1760,316,966,76,3,13.99
1761,375,948,56,5,66.98
1762,717,254,6,3,75.99
1763,463,309,80,7,14.99
1764,70,186,84,9,18.78
1765,263,407,1,7,16.98
1766,843,61,60,9,15.69
1767,264,657,103,3,59.95
1768,263,1,78,7,57.79
1769,809,490,70,3,14.99
1770,251,952,11,1,19.99
1771,207,385,94,10,34.86
1772,212,335,100,7,159.42
1773,900,938,95,8,6.33
1774,478,63,70,6,72.55
1775,402,275,39,9,34.4
1776,833,828,72,3,298.0
1777,545,896,74,6,123.4
1778,426,764,90,6,27.99
1779,54,524,104,7,16.99
1780,310,142,15,8,15.99
1781,957,172,80,10,47.69
1782,194,496,88,3,9.95
1783,823,993,79,3,12.03
1784,519,824,31,6,10.29
1785,580,781,16,10,17.88
1786,734,885,24,4,5.41
1787,96,727,101,7,79.99
1788,824,206,101,9,97.19
1789,157,601,71,10,13.19
1790,260,608,24,10,327.3
1791,613,59,42,3,20.37
1792,508,537,16,10,28.5
1793,192,377,47,6,17.49
1794,14,277,90,10,35.99
1795,981,472,90,5,6.99
1796,792,707,73,5,67.18
1797,979,202,100,10,27.99
1798,196,346,62,6,19.99
1799,451,604,24,7,29.99
1800,785,602,103,7,43.99
1801,687,214,95,6,269.98
1802,975,919,101,4,48.49
1803,447,732,8,3,90.92
1804,142,182,32,2,92.0
1805,530,567,104,10,26.99
1806,804,132,24,7,99.99
1807,637,210,56,3,220.0
1808,628,808,62,4,19.19
1809,861,243,42,8,169.99
1810,408,20,42,6,94.94
1811,882,943,94,3,29.99
1812,786,442,38,4,337.0
1813,79,201,54,2,9.99
1814,486,964,94,8,37.09
1815,40,160,49,8,70.0
1816,282,674,1,9,31.56
1817,904,431,94,6,9.99
1818,1,852,95,2,62.99
1819,798,838,54,5,46.84
1820,54,502,65,9,102.99
1821,14,222,6,9,35.55
1822,947,861,98,7,28.79
1823,207,514,18,1,259.99
1824,950,252,78,9,75.96
1825,415,258,12,6,18.95
1826,757,815,88,8,8.79
1827,536,708,39,6,89.99
1828,319,859,79,1,16.14
1829,345,913,60,6,212.88
1830,478,399,9,5,89.14
1831,255,357,101,10,78.0
1832,429,29,96,8,161.49
1833,730,980,16,6,56.99
1834,694,83,9,4,92.49
1835,64,661,8,3,16.99
1836,912,793,48,9,23.99
1837,453,850,92,3,31.98
1838,277,59,42,9,20.37
1839,589,188,104,7,9.99
1840,600,720,6,10,34.89
1841,946,424,50,3,25.99
1842,419,370,33,5,10.99
1843,193,53,24,8,165.99
1844,883,547,24,10,97.99
1845,53,169,79,5,154.99
1846,289,978,40,10,23.99
1847,832,347,96,4,35.91
1848,701,661,8,9,16.99
1849,689,570,84,9,203.59
1850,266,368,96,9,28.8
1851,364,954,50,1,179.95
1852,949,282,12,7,157.01
1853,972,452,90,5,196.0
1854,816,787,15,7,29.99
1855,790,189,96,2,222.99
1856,901,369,8,3,3.99
1857,965,956,60,7,4.99
1858,874,831,96,3,7.48
1859,818,276,101,7,104.99
1860,708,259,103,5,13.59
1861,954,968,33,9,413.31
1862,556,126,65,1,16.17
1863,754,529,12,2,21.0
1864,510,347,96,9,35.91
1865,574,943,94,10,29.99
1866,301,486,80,8,84.0
1867,298,342,71,1,8.0
1868,321,749,24,2,27.34
1869,894,887,54,10,87.99
1870,835,576,70,3,19.5
1871,362,446,3,8,3.99
1872,948,313,18,8,39.99
1873,661,792,71,2,33.99
1874,178,222,6,6,35.55
1875,704,575,68,5,54.95
1876,897,794,95,3,32.98
1877,67,21,12,3,399.99
1878,930,130,60,8,42.99
1879,848,655,70,1,19.99
1880,865,97,56,6,31.11
1881,769,9,16,3,25.38
1882,783,206,101,7,97.19
1883,788,160,49,7,70.0
1884,978,125,65,5,89.99
1885,679,495,59,6,34.99
1886,474,805,49,10,24.99
1887,859,96,54,1,32.99
1888,883,649,65,10,21.99
1889,243,207,60,7,159.99
1890,659,512,88,8,28.05
1891,266,915,39,6,13.99
1892,66,771,59,2,64.99
1893,470,892,92,5,64.7
1894,106,848,9,10,199.0
1895,106,328,65,2,31.99
1896,390,704,90,5,12.99
1897,93,200,99,5,8.69
1898,164,65,76,10,19.99
1899,321,663,68,4,26.95
1900,431,880,68,1,37.99
1901,128,895,97,4,26.19
1902,326,139,92,1,25.95
1903,796,168,62,1,24.36
1904,916,716,62,6,28.5
1905,942,573,32,2,44.81
1906,872,38,11,9,21.98
1907,706,135,81,3,42.9
1908,703,952,11,1,19.99
1909,56,262,74,1,314.99
1910,219,506,39,10,80.99
1911,66,857,99,5,18.39
1912,581,781,16,8,17.88
1913,745,419,74,3,66.0
1914,652,716,62,7,28.5
1915,527,483,77,3,25.99
1916,905,286,49,7,62.95
1917,310,772,56,6,99.99
1918,548,485,48,9,58.12
1919,849,890,103,4,7.99
1920,454,55,38,5,49.99
1921,373,362,77,9,39.61
1922,476,581,27,7,35.99
1923,900,168,62,8,24.36
1924,879,191,81,9,149.99
1925,698,193,47,1,11.18
1926,67,906,23,4,555.54
1927,692,267,33,8,151.99
1928,663,865,90,3,9.84
1929,355,246,103,10,39.99
1930,508,931,73,6,44.96
1931,79,132,24,4,99.99
1932,753,581,27,8,35.99
1933,365,986,94,9,13.99
1934,145,127,92,10,11.49
1935,790,120,24,4,629.0
1936,724,645,68,4,29.62
1937,563,432,59,3,62.99
1938,890,937,60,5,22.99
1939,345,127,92,4,11.49
1940,322,816,60,5,22.99
1941,244,287,50,5,129.95
1942,246,515,94,7,44.99
1943,985,596,98,4,102.91
1944,551,258,12,9,18.95
1945,341,579,38,9,22.99
1946,108,47,103,6,17.45
1947,345,831,96,3,7.48
1948,609,906,23,9,555.54
1949,170,869,96,8,8.99
1950,717,822,97,2,599.0
1951,381,958,60,8,199.98
1952,483,909,8,9,47.99
1953,781,489,50,2,9.99
1954,511,303,62,7,39.95
1955,116,420,78,3,64.99
1956,586,728,74,4,940.0
1957,837,167,1,1,371.0
1958,115,437,49,4,5.39
1959,307,514,18,2,259.99
1960,294,179,24,7,14.99
1961,555,85,84,3,19.9
1962,220,293,31,10,12.98
1963,144,784,39,4,15.99
1964,295,494,40,4,89.95
1965,391,982,80,8,15.98
1966,839,855,38,5,10.99
1967,596,24,70,6,12.74
1968,761,367,60,3,51.2
1969,752,533,103,1,12.15
1970,961,122,84,7,12.19
1971,13,995,6,5,99.95
1972,9,25,43,6,12.99
1973,938,116,39,7,16.89
1974,655,429,79,7,57.45
1975,630,240,60,2,93.39
1976,889,979,12,7,299.99
1977,507,256,18,1,119.99
1978,99,369,8,1,3.99
1979,201,189,96,10,222.99
1980,806,85,84,6,19.9
1981,684,486,80,8,84.0
1982,654,778,23,10,17.57
1983,167,445,84,1,14.47
1984,996,743,72,4,36.0
1985,17,7,94,5,24.95
1986,194,949,101,10,26.99
1987,570,663,68,3,26.95
1988,565,700,42,9,36.76
1989,489,286,49,8,62.95
1990,203,282,12,10,157.01
1991,487,366,23,10,22.99
1992,790,957,60,5,26.95
1993,993,345,6,8,120.99
1994,658,220,97,8,19.9
1995,702,628,76,5,34.8
1996,564,162,73,10,28.98
1997,34,287,50,2,129.95
1998,443,724,59,6,7.22
1999,756,451,80,8,72.36
2000,814,867,94,6,34.98
2001,903,933,88,7,10.49
2002,101,786,90,6,9.79
2003,508,983,48,5,70.0
2004,13,330,12,9,26.19
2005,479,432,59,8,62.99
2006,688,717,48,4,20.99
2007,948,163,81,8,11.95
2008,335,325,43,7,41.36
2009,935,649,65,8,21.99
2010,665,436,84,1,164.95
2011,311,310,18,10,33.99
2012,371,163,81,10,11.95
2013,195,93,27,2,18.99
2014,164,347,96,2,35.91
2015,497,531,95,1,28.99
2016,751,766,56,4,7.99
2017,741,56,47,6,35.14
2018,480,624,43,3,20.95
2019,234,315,62,2,7.99
2020,375,270,101,2,33.43
2021,249,541,70,1,48.99
2022,294,127,92,5,11.49
2023,447,363,59,5,11.99
2024,595,857,99,10,18.39
2025,645,634,33,9,25.48
2026,509,161,21,9,73.98
2027,152,793,48,1,23.99
2028,454,389,43,6,28.99
2029,340,161,21,9,73.98
2030,147,726,42,4,14.26
2031,441,47,103,2,17.45
2032,752,814,60,1,14.99
2033,696,48,77,5,55.0
2034,817,70,103,4,75.99
2035,93,993,79,3,12.03
2036,440,412,9,3,14.99
2037,742,275,39,1,34.4
2038,567,957,60,4,26.95
2039,840,969,9,6,23.07
2040,97,542,39,3,51.38
2041,124,452,90,5,196.0
2042,967,439,70,7,10.79
2043,794,651,15,4,15.99
2044,697,921,73,7,59.99
2045,737,110,39,2,30.59
2046,325,205,54,9,69.79
2047,759,47,103,1,17.45
2048,921,756,34,8,15.19
2049,425,716,62,9,28.5
2050,236,665,31,1,159.99
2051,185,176,98,2,21.99
2052,764,719,103,8,11.49
2053,311,64,83,7,53.93
2054,852,417,43,4,136.65
2055,431,697,79,2,28.99
2056,74,206,101,4,97.19
2057,575,568,15,2,19.99
2058,148,750,95,6,10.08
2059,155,915,39,4,13.99
2060,485,814,60,2,14.99
2061,377,302,104,1,34.29
2062,653,971,9,1,12.95
2063,692,533,103,6,12.15
2064,788,601,71,6,13.19
2065,29,589,80,8,92.89
2066,500,144,15,2,22.42
2067,991,227,80,9,19.99
2068,740,789,38,10,17.99
2069,142,591,8,6,139.99
2070,25,270,101,6,33.43
2071,936,107,65,9,39.99
2072,712,689,34,2,147.7
2073,165,757,8,4,25.99
2074,595,863,6,7,13.2
2075,891,522,88,8,169.0
2076,775,707,73,3,67.18
2077,450,854,42,4,13.99
2078,278,860,54,3,19.0
2079,110,65,76,4,19.99
2080,779,458,71,6,88.95
2081,75,430,8,4,39.99
2082,103,181,49,2,49.0
2083,434,512,88,7,28.05
2084,374,957,60,3,26.95
2085,896,102,3,5,19.99
2086,971,868,104,9,45.99
2087,697,102,3,3,19.99
2088,936,449,36,1,9.99
2089,968,982,80,1,15.98
2090,120,204,99,1,44.99
2091,440,107,65,1,39.99
2092,224,55,38,2,49.99
2093,954,630,79,1,59.79
2094,836,691,42,8,21.99
2095,407,643,84,7,108.0
2096,984,925,60,7,69.99
2097,860,289,12,6,24.29
2098,209,477,101,5,17.17
2099,621,664,71,1,27.3
2100,9,509,15,10,45.0
2101,49,262,74,6,314.99
2102,327,522,88,5,169.0
2103,211,607,43,8,7.99
2104,66,393,72,1,59.99
2105,426,366,23,5,22.99
2106,30,133,90,8,19.99
2107,617,367,60,5,51.2
2108,723,7,94,8,24.95
2109,157,227,80,10,19.99
2110,937,34,102,8,19.56
2111,221,144,15,4,22.42
2112,115,460,32,1,9.49
2113,77,651,15,8,15.99
2114,926,556,83,1,39.99
2115,785,273,96,7,69.99
2116,524,383,104,2,107.0
2117,308,9,16,1,25.38
2118,15,230,80,2,309.99
2119,530,487,92,5,24.67
2120,880,73,74,9,9.95
2121,937,520,81,4,109.95
2122,267,762,88,2,197.99
2123,20,147,31,7,9.99
2124,16,721,43,2,31.19
2125,430,614,100,7,37.89
2126,196,89,43,3,62.99
2127,41,672,98,3,455.0
2128,71,339,33,4,25.99
2129,142,252,78,10,75.96
2130,732,272,98,2,13.8
2131,157,916,23,3,29.99
2132,261,628,76,10,34.8
2133,401,856,97,10,21.99
2134,873,803,49,2,28.78
2135,530,337,38,10,130.5
2136,540,73,74,6,9.95
2137,250,320,94,5,770.0
2138,536,802,34,2,28.99
2139,20,474,54,4,15.37
2140,697,755,90,2,9.95
2141,192,847,97,6,11.99
2142,467,432,59,10,62.99
2143,215,665,31,3,159.99
2144,633,879,103,8,104.98
2145,244,247,49,7,44.99
2146,879,575,68,5,54.95
2147,351,124,42,10,14.5
2148,143,37,8,5,19.99
2149,589,119,79,4,82.84
2150,585,169,79,6,154.99
2151,435,36,15,4,41.39
2152,899,98,73,9,129.99
2153,278,243,42,10,169.99
2154,57,711,88,7,15.99
2155,393,255,92,2,10.99
2156,132,619,47,3,339.0
2157,556,433,79,9,5.84
2158,461,143,9,3,20.98
2159,249,944,78,4,24.99
2160,163,672,98,5,455.0
2161,99,790,36,2,104.0
2162,861,551,72,7,69.99
2163,640,840,74,5,22.17
2164,386,962,54,7,29.99
2165,576,359,65,8,39.54
2166,373,130,60,5,42.99
2167,831,863,6,7,13.2
2168,219,211,104,4,126.49
2169,777,561,56,4,5.67
2170,125,563,54,9,43.35
2171,714,691,42,3,21.99
2172,880,140,74,6,149.99
2173,188,705,73,10,17.0
2174,865,102,3,6,19.99
2175,563,658,50,9,599.99
2176,434,932,102,6,179.0
2177,774,397,102,6,28.99
2178,32,761,33,7,149.99
2179,840,241,24,6,52.11
2180,311,275,39,4,34.4
2181,834,782,72,6,27.99
2182,338,34,102,9,19.56
2183,770,19,90,1,13.98
2184,787,318,104,10,22.24
2185,746,847,97,8,11.99
2186,482,103,83,6,34.0
2187,890,950,72,5,189.99
2188,711,22,50,5,12.8
2189,727,781,16,1,17.88
2190,273,337,38,1,130.5
2191,944,854,42,1,13.99
2192,363,730,88,9,10.99
2193,301,443,73,4,4.5
2194,328,373,97,9,9.99
2195,564,770,33,9,18.99
2196,140,658,50,10,599.99
2197,342,318,104,7,22.24
2198,263,1000,100,7,16.49
2199,378,683,11,2,199.99
2200,560,653,33,8,59.99
2201,547,741,101,7,18.97
2202,574,595,1,4,14.48
2203,29,277,90,9,35.99
2204,634,414,3,4,119.7
2205,748,260,65,6,14.95
2206,259,983,48,4,70.0
2207,987,477,101,9,17.17
2208,295,315,62,4,7.99
2209,805,988,36,4,6.49
2210,856,439,70,9,10.79
2211,556,535,27,5,35.79
2212,654,363,59,3,11.99
2213,88,669,48,1,195.49
2214,516,780,3,5,9.98
2215,34,731,27,3,17.98
2216,196,821,6,7,75.99
2217,858,96,54,3,32.99
2218,405,33,34,10,51.74
2219,716,252,78,10,75.96
2220,732,602,103,9,43.99
2221,862,888,98,10,35.62
2222,790,986,94,10,13.99
2223,6,923,49,5,58.8
2224,396,985,81,1,453.99
2225,174,831,96,8,7.48
2226,527,998,88,5,13.98
2227,180,682,49,10,16.59
2228,983,761,33,5,149.99
2229,274,453,12,5,16.0
2230,66,71,74,7,14.94
2231,832,404,8,2,45.94
2232,52,937,60,4,22.99
2233,2,565,27,5,94.99
2234,44,620,84,6,22.09
2235,402,839,32,6,27.9
2236,640,199,65,6,58.99
2237,650,674,1,10,31.56
2238,437,39,24,6,16.99
2239,434,492,92,1,15.99
2240,161,69,90,3,58.56
2241,764,235,12,9,175.0
2242,932,285,79,10,17.99
2243,983,929,88,1,17.26
2244,137,697,79,9,28.99
2245,384,909,8,6,47.99
2246,216,179,24,10,14.99
2247,781,91,62,2,17.81
2248,231,112,103,6,26.64
2249,34,318,104,3,22.24
2250,719,339,33,10,25.99
2251,221,462,83,2,199.0
2252,240,348,73,7,39.99
2253,266,57,80,6,21.99
2254,349,270,101,9,33.43
2255,954,261,12,6,15.69
2256,506,671,96,3,24.95
2257,968,378,48,7,30.64
2258,853,512,88,1,28.05
2259,817,810,68,8,9.99
2260,903,700,42,9,36.76
2261,287,362,77,8,39.61
2262,552,54,83,10,189.0
2263,842,12,78,9,84.99
2264,922,818,39,1,8.99
2265,111,603,102,3,14.99
2266,922,332,60,4,28.49
2267,201,560,97,4,34.99
2268,599,846,97,10,42.94
2269,304,251,104,10,19.99
2270,403,337,38,5,130.5
2271,329,500,23,1,15.99
2272,700,444,39,2,10.99
2273,416,706,24,7,11.53
2274,822,58,49,4,15.99
2275,689,667,21,9,43.03
2276,892,836,68,9,199.99
2277,813,843,15,4,114.95
2278,390,565,27,1,94.99
2279,801,715,84,6,7.76
2280,796,365,39,10,36.99
2281,808,485,48,4,58.12
2282,370,593,54,10,34.99
2283,66,515,94,5,44.99
2284,467,10,92,2,23.92
2285,215,843,15,2,114.95
2286,475,9,16,10,25.38
2287,821,239,100,9,23.12
2288,831,264,78,4,3479.0
2289,640,641,16,10,16.97
2290,103,35,33,3,9.99
2291,346,272,98,3,13.8
2292,373,861,98,2,28.79
2293,308,374,78,2,10.99
2294,777,892,92,3,64.7
2295,618,22,50,5,12.8
2296,928,446,3,6,3.99
2297,538,960,18,2,119.99
2298,468,348,73,2,39.99
2299,848,782,72,2,27.99
2300,473,856,97,9,21.99
2301,890,719,103,10,11.49
2302,399,174,9,6,7.97
2303,785,995,6,4,99.95
2304,28,616,1,6,74.0
2305,867,430,8,7,39.99
2306,283,256,18,2,119.99
2307,403,47,103,4,17.45
2308,65,207,60,2,159.99
2309,927,163,81,2,11.95
2310,476,649,65,6,21.99
2311,85,109,18,10,99.99
2312,15,984,100,3,9.76
2313,987,367,60,9,51.2
2314,206,223,3,6,170.0
2315,274,177,33,9,332.99
2316,538,586,47,7,14.09
2317,632,290,81,8,6.99
2318,768,58,49,6,15.99
2319,808,443,73,7,4.5
2320,15,832,98,6,15.19
2321,626,707,73,7,67.18
2322,426,820,95,4,37.0
2323,128,797,31,2,11.99
2324,571,890,103,9,7.99
2325,290,664,71,1,27.3
2326,541,12,78,5,84.99
2327,831,265,78,1,3479.0
2328,229,376,16,8,13.39
2329,836,864,104,3,10.38
2330,889,757,8,7,25.99
2331,59,490,70,9,14.99
2332,678,508,80,6,18.83
2333,146,812,27,2,9.99
2334,182,807,102,3,120.0
2335,539,769,62,2,14.48
2336,943,991,38,9,23.62
2337,913,98,73,7,129.99
2338,497,850,92,3,31.98
2339,537,60,31,2,37.99
2340,159,272,98,9,13.8
2341,311,458,71,9,88.95
2342,778,695,38,10,89.99
2343,148,483,77,1,25.99
2344,5,461,97,10,118.0
2345,39,527,12,1,5.49
2346,875,454,23,6,6.99
2347,736,255,92,4,10.99
2348,3,537,16,9,28.5
2349,850,241,24,3,52.11
2350,88,543,79,6,66.5
2351,172,679,95,1,13.91
2352,653,175,23,5,139.99
2353,389,463,36,6,28.97
2354,789,342,71,9,8.0
2355,27,664,71,2,27.3
2356,249,503,12,3,17.99
2357,102,675,23,7,563.0
2358,30,328,65,7,31.99
2359,533,679,95,4,13.91
2360,354,199,65,9,58.99
2361,100,839,32,10,27.9
2362,694,644,6,6,13.32
2363,448,267,33,8,151.99
2364,968,262,74,5,314.99
2365,872,73,74,3,9.95
2366,838,64,83,9,53.93
2367,787,964,94,1,37.09
2368,999,75,56,9,111.99
2369,171,227,80,2,19.99
2370,756,939,88,2,22.07
2371,382,369,8,6,3.99
2372,19,511,88,2,74.95
2373,437,559,40,1,56.99
2374,268,351,73,5,25.0
2375,866,997,80,9,9.99
2376,225,666,71,6,21.99
2377,101,185,39,3,21.99
2378,927,871,65,2,15.49
2379,353,416,104,8,9.99
2380,32,441,76,2,579.99
2381,167,588,73,4,18.95
2382,952,979,12,7,299.99
2383,575,328,65,1,31.99
2384,660,881,97,7,390.9
2385,995,178,60,3,19.99
2386,676,982,80,2,15.98
2387,861,73,74,7,9.95
2388,814,836,68,10,199.99
2389,534,492,92,8,15.99
2390,455,567,104,7,26.99
2391,52,582,88,4,25.01
2392,114,439,70,9,10.79
2393,805,388,99,4,39.67
2394,131,150,50,9,25.99
2395,384,73,74,9,9.95
2396,433,375,60,5,338.78
2397,658,558,23,9,54.95
2398,765,896,74,6,123.4
2399,449,834,72,8,29.99
2400,742,971,9,9,12.95
2401,167,88,77,1,59.99
2402,129,767,68,9,39.87
2403,969,154,49,5,10.44
2404,467,505,24,3,47.99
2405,295,996,21,3,111.99
2406,59,719,103,1,11.49
2407,695,750,95,3,10.08
2408,874,935,48,3,6.75
2409,662,634,33,2,25.48
2410,690,885,24,3,5.41
2411,872,163,81,7,11.95
2412,804,812,27,7,9.99
2413,358,149,56,7,11.02
2414,257,193,47,1,11.18
2415,785,685,101,8,897.56
2416,102,312,56,4,19.99
2417,834,242,101,4,6.99
2418,928,676,100,5,60.52
2419,657,233,39,10,99.0
2420,643,941,18,9,21.99
2421,854,481,98,3,149.66
2422,267,320,94,3,770.0
2423,501,828,72,3,298.0
2424,579,13,23,8,11.19
2425,528,484,80,8,64.9
2426,957,234,83,3,19.99
2427,592,288,77,5,52.87
2428,950,218,83,3,105.99
2429,870,677,73,1,27.32
2430,463,626,6,6,41.9
2431,30,774,32,5,9.57
2432,950,606,97,2,21.99
2433,118,936,18,5,9.99
2434,223,786,90,6,9.79
2435,836,335,100,9,159.42
2436,868,802,34,6,28.99
2437,831,419,74,4,66.0
2438,469,639,71,6,13.99
2439,141,392,27,8,87.06
2440,347,252,78,5,75.96
2441,922,92,94,3,26.32
2442,56,453,12,7,16.0
2443,570,683,11,6,199.99
2444,598,941,18,1,21.99
2445,849,221,73,4,8.99
2446,789,144,15,1,22.42
2447,906,613,100,8,18.95
2448,217,473,42,3,17.31
2449,973,879,103,1,104.98
2450,784,23,56,10,144.95
2451,873,882,94,1,27.95
2452,849,682,49,9,16.59
2453,875,698,76,3,16.99
2454,705,446,3,7,3.99
2455,297,35,33,6,9.99
2456,586,709,103,3,16.99
2457,147,30,56,5,7.99
2458,314,888,98,10,35.62
2459,119,947,92,10,21.99
2460,189,845,79,8,16.95
2461,84,850,92,8,31.98
2462,911,70,103,1,75.99
2463,391,311,11,8,13.99
2464,905,423,70,2,9.42
2465,67,173,42,10,28.99
2466,824,585,16,9,69.99
2467,932,642,90,2,189.0
2468,452,845,79,6,16.95
2469,339,233,39,9,99.0
2470,820,509,15,4,45.0
2471,131,195,94,10,16.99
2472,899,817,24,10,19.99
2473,673,821,6,7,75.99
2474,768,961,92,3,31.98
2475,276,384,39,7,49.99
2476,287,812,27,6,9.99
2477,795,933,88,1,10.49
2478,384,831,96,1,7.48
2479,999,400,104,6,30.99
2480,993,396,95,8,7.28
2481,706,478,84,4,20.98
2482,998,103,83,8,34.0
2483,69,594,15,2,23.18
2484,514,713,40,5,266.82
2485,631,523,80,7,359.95
2486,598,13,23,4,11.19
2487,420,558,23,2,54.95
2488,858,164,84,6,26.99
2489,388,182,32,4,92.0
2490,772,818,39,2,8.99
2491,705,789,38,10,17.99
2492,79,347,96,10,35.91
2493,248,53,24,2,165.99
2494,769,835,76,3,25.8
2495,527,722,38,1,9.99
2496,92,761,33,9,149.99
2497,830,568,15,2,19.99
2498,133,729,21,9,9.81
2499,993,927,97,8,5.99
2500,344,881,97,10,390.9
2501,586,618,96,5,48.14
2502,222,651,15,5,15.99
2503,417,171,42,10,5.59
2504,670,218,83,4,105.99
2505,814,59,42,9,20.37
2506,197,118,43,3,38.99
2507,498,777,9,2,11.99
2508,426,547,24,10,97.99
2509,808,425,59,5,13.21
2510,122,456,103,10,4.99
2511,581,988,36,1,6.49
2512,227,608,24,5,327.3
2513,809,317,43,8,19.99
2514,532,704,90,9,12.99
2515,726,776,11,2,15.99
2516,994,811,54,5,34.99
2517,529,64,83,9,53.93
2518,316,658,50,9,599.99
2519,21,137,50,8,116.99
2520,16,418,92,4,10.38
2521,290,811,54,2,34.99
2522,69,545,9,9,10.99
2523,27,278,24,6,59.96
2524,339,905,77,7,7.99
2525,911,727,101,10,79.99
2526,140,146,12,2,40.79
2527,999,728,74,3,940.0
2528,726,222,6,4,35.55
2529,739,544,95,9,67.99
2530,274,368,96,10,28.8
2531,907,211,104,9,126.49
2532,536,70,103,10,75.99
2533,366,34,102,9,19.56
2534,144,880,68,6,37.99
2535,394,491,62,8,24.99
2536,199,670,98,9,8.98
2537,19,537,16,9,28.5
2538,399,344,83,6,69.99
2539,100,970,9,8,17.99
2540,290,60,31,3,37.99
2541,144,410,24,3,17.99
2542,710,857,99,1,18.39
2543,964,300,90,10,15.99
2544,292,345,6,3,120.99
2545,411,953,88,9,29.61
2546,811,191,81,2,149.99
2547,422,361,76,5,64.9
2548,658,392,27,3,87.06
2549,453,974,98,1,21.58
2550,206,58,49,4,15.99
2551,402,479,98,2,13.9
2552,337,930,9,7,8.49
2553,198,70,103,2,75.99
2554,561,608,24,9,327.3
2555,35,593,54,10,34.99
2556,129,624,43,9,20.95
2557,495,727,101,10,79.99
2558,901,472,90,2,6.99
2559,692,912,74,10,27.92
2560,991,917,97,6,15.95
2561,328,437,49,10,5.39
2562,468,371,97,9,38.99
2563,151,799,90,9,502.85
2564,306,636,43,6,14.99
2565,606,273,96,5,69.99
2566,828,69,90,5,58.56
2567,895,221,73,4,8.99
2568,222,453,12,9,16.0
2569,770,923,49,5,58.8
2570,925,30,56,4,7.99
2571,687,578,99,6,312.0
2572,109,145,47,4,22.8
2573,755,673,99,8,25.43
2574,366,352,83,8,4.99
2575,882,938,95,2,6.33
2576,62,932,102,8,179.0
2577,634,365,39,10,36.99
2578,919,972,49,2,10.08
2579,931,182,32,4,92.0
2580,365,696,32,9,13.02
2581,158,211,104,10,126.49
2582,142,689,34,4,147.7
2583,809,896,74,4,123.4
2584,608,517,12,5,79.9
2585,313,790,36,3,104.0
2586,422,806,60,6,46.44
2587,866,442,38,2,337.0
2588,213,58,49,3,15.99
2589,964,324,48,6,109.99
2590,180,349,99,2,129.99
2591,574,976,68,6,18.49
2592,171,462,83,9,199.0
2593,893,474,54,6,15.37
2594,73,150,50,7,25.99
2595,938,664,71,3,27.3
2596,255,740,62,3,112.49
2597,32,882,94,7,27.95
2598,723,271,32,7,29.95
2599,647,147,31,1,9.99
2600,769,252,78,5,75.96
2601,739,432,59,1,62.99
2602,911,449,36,4,9.99
2603,512,963,33,1,37.87
2604,754,434,84,8,17.99
2605,646,735,96,9,291.9
2606,975,398,11,2,17.0
2607,15,13,23,6,11.19
2608,647,415,90,4,119.95
2609,197,875,15,8,49.95
2610,227,385,94,8,34.86
2611,244,970,9,3,17.99
2612,728,337,38,10,130.5
2613,203,585,16,2,69.99
2614,803,933,88,1,10.49
2615,730,624,43,3,20.95
2616,952,687,59,5,11.94
2617,746,413,100,9,16.99
2618,527,767,68,10,39.87
2619,698,185,39,1,21.99
2620,780,749,24,1,27.34
2621,228,747,38,3,37.99
2622,65,357,101,5,78.0
2623,225,651,15,5,15.99
2624,555,314,62,10,26.99
2625,654,47,103,10,17.45
2626,748,412,9,2,14.99
2627,630,272,98,10,13.8
2628,17,301,72,7,133.99
2629,87,65,76,1,19.99
2630,165,405,12,8,177.0
2631,174,951,33,3,7.99
2632,883,821,6,9,75.99
2633,136,658,50,8,599.99
2634,344,673,99,7,25.43
2635,622,63,70,10,72.55
2636,35,324,48,8,109.99
2637,693,602,103,7,43.99
2638,820,380,36,3,28.99
2639,675,90,68,8,12.98
2640,526,765,56,7,545.0
2641,721,442,38,3,337.0
2642,729,765,56,9,545.0
2643,269,538,32,1,16.99
2644,319,800,16,5,14.99
2645,314,725,48,10,59.4
2646,917,294,92,7,135.99
2647,957,26,72,8,20.91
2648,166,875,15,1,49.95
2649,793,151,99,9,19.98
2650,570,735,96,10,291.9
2651,508,847,97,2,11.99
2652,487,365,39,8,36.99
2653,537,589,80,1,92.89
2654,419,958,60,9,199.98
2655,232,859,79,9,16.14
2656,610,491,62,7,24.99
2657,252,367,60,5,51.2
2658,817,630,79,7,59.79
2659,539,581,27,9,35.99
2660,768,699,71,1,95.99
2661,877,542,39,7,51.38
2662,798,379,49,10,89.99
2663,275,182,32,3,92.0
2664,467,329,70,1,24.0
2665,356,958,60,2,199.98
2666,309,461,97,10,118.0
2667,491,601,71,2,13.19
2668,909,99,104,9,12.95
2669,970,97,56,6,31.11
2670,927,359,65,4,39.54
2671,232,840,74,4,22.17
2672,50,17,98,7,6.19
2673,25,518,32,2,8.99
2674,15,910,36,3,68.9
2675,33,775,95,10,99.0
2676,154,369,8,5,3.99
2677,744,535,27,4,35.79
2678,252,125,65,3,89.99
2679,88,96,54,4,32.99
2680,191,309,80,10,14.99
2681,114,594,15,2,23.18
2682,135,527,12,7,5.49
2683,684,606,97,10,21.99
2684,940,354,97,4,9.99
2685,640,315,62,4,7.99
2686,801,237,8,8,32.99
2687,939,281,50,7,58.2
2688,993,649,65,3,21.99
2689,951,918,11,7,368.0
2690,176,375,60,7,338.78
2691,40,608,24,10,327.3
2692,494,56,47,6,35.14
2693,990,712,33,10,7.99
2694,226,134,74,8,49.99
2695,143,376,16,7,13.39
2696,413,396,95,7,7.28
2697,316,888,98,2,35.62
2698,891,54,83,8,189.0
2699,335,441,76,7,579.99
2700,879,813,84,1,16.99
2701,238,398,11,5,17.0
2702,390,290,81,4,6.99
2703,602,148,12,4,6.85
2704,289,188,104,9,9.99
2705,40,406,15,4,13.99
2706,314,773,59,5,23.49
2707,969,853,43,4,129.99
2708,623,552,38,2,20.99
2709,920,683,11,8,199.99
2710,733,920,15,1,142.0
2711,429,405,12,4,177.0
2712,411,949,101,2,26.99
2713,847,353,92,2,33.9
2714,528,682,49,2,16.59
2715,975,340,56,3,57.95
2716,150,875,15,10,49.95
2717,581,150,50,6,25.99
2718,819,438,33,1,184.21
2719,796,219,40,5,55.46
2720,459,654,101,5,259.9
2721,346,698,76,5,16.99
2722,713,814,60,8,14.99
2723,497,3,62,9,33.99
2724,221,913,60,9,212.88
2725,312,425,59,7,13.21
2726,534,196,33,2,78.99
2727,838,233,39,3,99.0
2728,576,843,15,6,114.95
2729,291,130,60,5,42.99
2730,33,644,6,3,13.32
2731,929,391,99,9,25.22
2732,142,584,78,9,29.69
2733,185,273,96,6,69.99
2734,754,910,36,9,68.9
2735,501,355,99,8,16.99
2736,71,207,60,10,159.99
2737,635,783,6,10,139.95
2738,640,71,74,5,14.94
2739,194,353,92,9,33.9
2740,315,864,104,7,10.38
2741,790,245,15,5,53.0
2742,645,388,99,2,39.67
2743,419,306,21,9,39.99
2744,424,400,104,2,30.99
2745,781,488,31,9,23.23
2746,162,826,78,6,45.99
2747,709,625,95,2,159.99
2748,866,255,92,8,10.99
2749,524,338,101,4,9.11
2750,175,861,98,1,28.79
2751,170,423,70,6,9.42
2752,903,905,77,6,7.99
2753,826,538,32,9,16.99
2754,983,812,27,1,9.99
2755,895,678,77,6,63.0
2756,424,544,95,5,67.99
2757,99,546,79,7,15.95
2758,938,662,54,3,9.07
2759,590,33,34,9,51.74
2760,85,772,56,9,99.99
2761,439,745,11,3,129.95
2762,123,874,97,9,19.99
2763,16,973,88,3,44.99
2764,883,148,12,6,6.85
2765,474,119,79,6,82.84
2766,921,839,32,8,27.9
2767,878,279,40,7,35.54
2768,917,73,74,7,9.95
2769,564,380,36,1,28.99
2770,968,417,43,1,136.65
2771,66,167,1,3,371.0
2772,538,787,15,2,29.99
2773,86,791,76,6,29.99
2774,33,448,34,10,39.96
2775,160,742,54,10,229.33
2776,699,595,1,3,14.48
2777,943,32,74,7,64.95
2778,824,482,11,8,47.21
2779,806,578,99,3,312.0
2780,946,425,50,2,25.99
2781,486,682,49,7,16.59
2782,11,741,101,5,18.97
2783,28,956,60,6,4.99
2784,285,451,80,2,72.36
2785,456,209,56,1,24.95
2786,577,569,101,6,62.99
2787,967,456,103,1,4.99
2788,387,79,88,3,28.24
2789,860,501,6,9,11.99
2790,512,666,71,6,21.99
2791,975,825,18,4,29.99
2792,960,2,99,2,28.5
2793,369,149,56,3,11.02
2794,141,71,74,10,14.94
2795,441,893,102,9,55.5
2796,959,919,101,4,48.49
2797,230,659,103,7,87.87
2798,574,144,15,7,22.42
2799,856,181,49,2,49.0
2800,120,76,99,2,14.38
2801,763,736,24,5,14.39
2802,221,445,84,1,14.47
2803,501,20,42,10,94.94
2804,324,438,33,7,184.21
2805,641,190,47,7,44.0
2806,365,797,31,1,11.99
2807,173,940,104,10,7.99
2808,864,736,24,9,14.39
2809,736,870,68,5,6.99
2810,434,505,24,9,47.99
2811,695,42,100,2,140.88
2812,229,398,11,1,17.0
2813,197,175,23,8,139.99
2814,114,646,6,3,57.33
2815,904,486,80,7,84.0
2816,938,59,42,6,20.37
2817,117,173,42,1,28.99
2818,176,662,54,1,9.07
2819,440,844,100,9,8.99
2820,214,220,97,5,19.9
2821,639,710,47,7,9.99
2822,704,545,9,8,10.99
2823,550,142,15,9,15.99
2824,584,75,56,3,111.99
2825,131,188,104,6,9.99
2826,563,582,88,3,25.01
2827,406,204,99,7,44.99
2828,973,34,102,3,19.56
2829,682,793,48,4,23.99
2830,933,747,38,6,37.99
2831,995,325,43,10,41.36
2832,174,606,97,5,21.99
2833,822,874,97,7,19.99
2834,216,552,38,5,20.99
2835,587,986,94,5,13.99
2836,467,922,40,3,30.0
2837,623,770,33,2,18.99
2838,222,691,42,2,21.99
2839,331,905,77,9,7.99
2840,723,730,88,4,10.99
2841,57,400,104,1,30.99
2842,884,495,59,5,34.99
2843,616,294,92,2,135.99
2844,318,488,31,6,23.23
2845,198,238,72,5,9.9
2846,439,317,43,9,19.99
2847,116,599,72,10,139.98
2848,854,882,94,8,27.95
2849,594,250,15,8,11.99
2850,283,384,39,9,49.99
2851,777,510,62,1,52.99
2852,474,287,50,9,129.95
2853,967,791,76,1,29.99
2854,907,105,77,8,11.99
2855,820,449,36,8,9.99
2856,497,140,74,10,149.99
2857,498,907,8,9,179.99
2858,566,547,24,5,97.99
2859,103,223,3,2,170.0
2860,624,195,94,8,16.99
2861,257,684,65,3,44.99
2862,54,870,68,1,6.99
2863,710,790,36,9,104.0
2864,722,746,62,10,49.99
2865,96,684,65,6,44.99
2866,797,171,42,6,5.59
2867,266,912,74,3,27.92
2868,46,478,84,1,20.98
2869,918,694,98,4,4.73
2870,13,750,95,10,10.08
2871,595,813,84,1,16.99
2872,545,377,47,8,17.49
2873,963,91,62,8,17.81
2874,527,915,39,1,13.99
2875,282,654,101,9,259.9
2876,886,620,84,1,22.09
2877,226,857,99,8,18.39
2878,548,703,83,8,29.99
2879,607,84,80,2,50.99
2880,153,926,81,10,23.98
2881,383,647,49,1,11.19
2882,463,524,104,10,16.99
2883,419,473,42,4,17.31
2884,339,683,11,10,199.99
2885,234,363,59,4,11.99
2886,581,682,49,8,16.59
2887,669,207,60,2,159.99
2888,921,778,23,7,17.57
2889,413,860,54,9,19.0
2890,298,219,40,8,55.46
2891,329,226,9,4,19.49
2892,226,12,78,2,84.99
2893,962,472,90,7,6.99
2894,846,185,39,5,21.99
2895,217,874,97,4,19.99
2896,747,686,68,8,37.99
2897,85,961,92,5,31.98
2898,860,924,83,8,23.99
2899,343,958,60,4,199.98
2900,789,216,54,3,194.49
2901,417,267,33,5,151.99
2902,710,135,81,1,42.9
2903,340,832,98,8,15.19
2904,101,274,74,6,29.99
2905,658,717,48,1,20.99
2906,798,897,42,6,57.22
2907,692,773,59,3,23.49
2908,225,882,94,7,27.95
2909,247,555,78,10,7.74
2910,630,815,88,9,8.79
2911,707,178,60,9,19.99
2912,946,989,96,10,14.99
2913,590,860,54,6,19.0
2914,278,581,27,4,35.99
2915,407,707,73,3,67.18
2916,884,91,62,8,17.81
2917,539,806,60,4,46.44
2918,800,381,72,7,8.48
2919,98,406,15,5,13.99
2920,533,630,79,9,59.79
2921,94,837,24,2,399.0
2922,119,324,48,1,109.99
2923,491,519,38,1,9.36
2924,711,820,95,7,37.0
2925,248,694,98,5,4.73
2926,15,121,31,3,23.99
2927,722,165,32,7,47.67
2928,219,877,101,2,39.99
2929,491,681,24,10,57.99
2930,960,340,56,5,57.95
2931,708,348,73,5,39.99
2932,663,309,80,10,14.99
2933,178,569,101,7,62.99
2934,941,383,104,1,107.0
2935,337,513,32,10,59.99
2936,346,591,8,10,139.99
2937,563,2,99,9,28.5
2938,704,979,12,6,299.99
2939,516,778,23,9,17.57
2940,307,298,3,5,38.16
2941,876,946,24,6,19.3
2942,271,397,102,5,28.99
2943,751,218,83,5,105.99
2944,844,193,47,8,11.18
2945,12,221,73,5,8.99
2946,843,207,60,9,159.99
2947,659,470,56,2,13.49
2948,329,906,23,3,555.54
2949,892,762,88,7,197.99
2950,615,685,101,3,897.56
2951,684,855,38,9,10.99
2952,32,520,81,4,109.95
2953,466,148,12,10,6.85
2954,183,53,24,8,165.99
2955,179,64,83,8,53.93
2956,805,499,95,10,13.98
2957,790,748,84,6,130.95
2958,973,774,32,3,9.57
2959,584,474,54,10,15.37
2960,702,346,62,6,19.99
2961,645,810,68,2,9.99
2962,724,693,39,10,12.99
2963,790,796,65,6,32.99
2964,730,801,90,4,19.99
2965,416,707,24,3,11.53
2966,360,504,96,9,11.99
2967,1,572,79,1,79.9
2968,497,402,8,7,9.99
2969,367,220,97,1,19.9
2970,614,69,90,7,58.56
2971,197,650,39,8,299.0
2972,98,254,6,2,75.99
2973,869,687,59,2,11.94
2974,34,530,62,1,30.97
2975,20,947,92,4,21.99
2976,845,439,70,2,10.79
2977,271,771,59,8,64.99
2978,225,546,79,4,15.95
2979,153,180,103,5,11.99
2980,403,271,32,1,29.95
2981,120,920,15,3,142.0
2982,800,865,90,6,9.84
2983,999,417,43,9,136.65
2984,773,848,9,4,199.0
2985,506,992,9,8,17.32
2986,459,818,39,6,8.99
2987,733,76,99,1,14.38
2988,109,481,98,5,149.66
2989,785,392,27,3,87.06
2990,217,602,103,7,43.99
2991,927,775,95,9,99.0
2992,769,936,18,7,9.99
2993,491,97,56,7,31.11
2994,16,226,9,1,19.49
2995,793,129,50,7,211.72
2996,214,652,59,6,45.92
2997,650,737,16,7,29.98
2998,677,180,103,3,11.99
2999,912,102,3,9,19.99
3000,464,659,103,6,87.87
3001,428,894,102,6,9.49
3002,130,639,71,3,13.99
3003,100,944,78,1,24.99
3004,139,317,43,5,19.99
3005,736,219,40,3,55.46
3006,60,29,96,10,161.49
3007,507,132,24,3,99.99
3008,379,210,56,3,220.0
3009,371,169,79,10,154.99
3010,527,345,6,5,120.99
3011,741,261,12,3,15.69
3012,828,181,49,1,49.0
3013,593,830,1,4,95.0
3014,836,379,49,3,89.99
3015,39,230,80,10,309.99
3016,742,674,1,1,31.56
3017,88,538,32,2,16.99
3018,837,223,3,10,170.0
3019,821,618,96,9,48.14
3020,460,738,39,4,21.99
3021,689,960,18,5,119.99
3022,512,845,79,1,16.95
3023,960,40,92,1,69.95
3024,328,826,78,10,45.99
3025,291,393,72,7,59.99
3026,82,323,21,10,16.99
3027,584,213,11,2,12.59
3028,503,679,95,8,13.91
3029,834,307,92,4,53.01
3030,959,870,68,9,6.99
3031,142,433,79,6,5.84
3032,520,255,92,6,10.99
3033,927,655,70,3,19.99
3034,367,560,97,3,34.99
3035,142,449,36,9,9.99
3036,701,277,90,5,35.99
3037,909,430,8,6,39.99
3038,323,417,43,7,136.65
3039,777,400,104,4,30.99
3040,609,771,59,4,64.99
3041,937,898,21,7,17.99
3042,312,543,79,3,66.5
3043,77,61,60,5,15.69
3044,653,602,103,1,43.99
3045,942,624,43,6,20.95
3046,597,766,56,5,7.99
3047,796,837,24,8,399.0
3048,837,417,43,3,136.65
3049,688,644,6,10,13.32
3050,408,577,38,9,399.99
3051,661,159,27,10,69.99
3052,684,701,96,2,19.99
3053,754,493,11,9,26.39
3054,928,849,11,8,45.95
3055,406,842,84,1,104.78
3056,320,178,60,1,19.99
3057,566,552,38,1,20.99
3058,887,273,96,1,69.99
3059,30,47,103,2,17.45
3060,43,188,104,2,9.99
3061,469,978,40,3,23.99
3062,42,354,97,6,9.99
3063,552,912,74,1,27.92
3064,991,671,96,2,24.95
3065,404,149,56,4,11.02
3066,14,967,98,10,23.9
3067,902,954,50,8,179.95
3068,174,977,81,1,14.99
3069,339,173,42,6,28.99
3070,722,719,103,10,11.49
3071,519,838,54,10,46.84
3072,976,823,77,10,27.45
3073,407,555,78,5,7.74
3074,932,300,90,9,15.99
3075,88,628,76,6,34.8
3076,553,655,70,1,19.99
3077,952,681,24,2,57.99
3078,578,942,38,9,23.42
3079,365,327,11,8,93.95
3080,551,548,24,2,22.8
3081,587,808,62,3,19.19
3082,523,295,12,5,124.46
3083,138,915,39,2,13.99
3084,15,938,95,2,6.33
3085,678,547,24,1,97.99
3086,895,250,15,6,11.99
3087,580,619,47,2,339.0
3088,424,596,98,7,102.91
3089,369,675,23,7,563.0
3090,684,543,79,4,66.5
3091,441,289,12,7,24.29
3092,996,161,21,8,73.98
3093,866,507,78,5,25.99
3094,149,899,24,9,14.98
3095,942,982,80,7,15.98
3096,349,729,21,1,9.81
3097,839,198,43,9,36.99
3098,302,843,15,10,114.95
3099,906,20,42,7,94.94
3100,342,162,73,2,28.98
3101,963,544,95,10,67.99
3102,307,966,76,10,13.99
3103,920,196,33,2,78.99
3104,218,919,101,2,48.49
3105,917,909,8,5,47.99
3106,233,413,100,3,16.99
3107,979,550,32,7,19.99
3108,840,538,32,3,16.99
3109,141,796,65,6,32.99
3110,289,750,95,8,10.08
3111,685,457,18,7,14.77
3112,743,649,65,7,21.99
3113,786,474,54,7,15.37
3114,573,159,27,2,69.99
3115,166,41,98,3,9.47
3116,609,500,23,3,15.99
3117,370,158,9,7,229.99
3118,178,243,42,5,169.99
3119,987,771,59,1,64.99
3120,586,779,38,6,19.6
3121,491,287,50,8,129.95
3122,374,862,103,5,495.0
3123,129,204,99,8,44.99
3124,460,336,47,3,61.53
3125,73,49,103,9,15.49
3126,648,599,72,9,139.98
3127,564,944,78,6,24.99
3128,684,534,71,2,12.8
3129,646,698,76,9,16.99
3130,289,802,34,10,28.99
3131,648,200,99,8,8.69
3132,955,602,103,5,43.99
3133,587,311,11,2,13.99
3134,16,416,104,1,9.99
3135,353,364,104,6,11.99
3136,35,4,83,3,17.95
3137,302,437,49,10,5.39
3138,673,101,94,10,33.4
3139,602,28,95,8,99.99
3140,510,525,100,8,22.99
3141,188,913,60,6,212.88
3142,586,971,9,6,12.95
3143,624,670,98,3,8.98
3144,367,848,9,7,199.0
3145,210,735,96,1,291.9
3146,20,766,56,9,7.99
3147,217,695,38,6,89.99
3148,657,415,90,5,119.95
3149,278,715,84,1,7.76
3150,807,214,95,7,269.98
3151,916,774,32,8,9.57
3152,69,686,68,4,37.99
3153,995,939,88,7,22.07
3154,414,374,78,9,10.99
3155,934,5,71,8,799.0
3156,353,771,59,3,64.99
3157,286,899,24,4,14.98
3158,489,404,8,6,45.94
3159,16,227,80,10,19.99
3160,129,110,39,4,30.59
3161,399,6,81,10,17.88
3162,221,46,24,6,90.09
3163,241,591,8,5,139.99
3164,302,748,84,6,130.95
3165,975,259,103,2,13.59
3166,779,467,102,10,52.95
3167,93,695,38,4,89.99
3168,582,868,104,10,45.99
3169,989,427,103,3,29.99
3170,66,591,8,9,139.99
3171,209,517,12,3,79.9
3172,893,114,74,4,12.98
3173,783,830,1,8,95.0
3174,345,635,42,2,12.98
3175,529,383,104,7,107.0
3176,4,284,49,5,18.25
3177,160,864,104,2,10.38
3178,650,514,18,8,259.99
3179,28,763,73,8,12.99
3180,944,715,84,2,7.76
3181,796,603,102,10,14.99
3182,318,360,21,2,6.97
3183,233,585,16,7,69.99
3184,781,799,90,5,502.85
3185,238,254,6,7,75.99
3186,537,871,65,10,15.49
3187,917,516,40,2,17.99
3188,279,993,79,7,12.03
3189,267,279,40,8,35.54
3190,14,593,54,8,34.99
3191,723,40,92,7,69.95
3192,11,119,79,9,82.84
3193,142,22,50,1,12.8
3194,809,327,11,8,93.95
3195,820,390,68,7,48.99
3196,92,256,18,1,119.99
3197,202,527,12,2,5.49
3198,656,855,38,8,10.99
3199,823,664,71,7,27.3
3200,905,203,50,8,39.99
3201,311,508,80,1,18.83
3202,722,146,12,7,40.79
3203,72,595,1,5,14.48
3204,292,368,96,2,28.8
3205,538,329,70,4,24.0
3206,995,173,42,1,28.99
3207,77,245,15,3,53.0
3208,948,727,101,8,79.99
3209,949,638,18,2,14.19
3210,56,247,49,4,44.99
3211,11,153,72,6,9.99
3212,129,638,18,7,14.19
3213,110,891,95,3,64.75
3214,895,360,21,4,6.97
3215,836,676,100,3,60.52
3216,701,306,21,4,39.99
3217,212,826,78,6,45.99
3218,437,765,56,8,545.0
3219,200,43,49,3,68.48
3220,403,69,90,10,58.56
3221,377,61,60,4,15.69
3222,955,238,72,10,9.9
3223,143,628,76,5,34.8
3224,830,459,104,1,9.59
3225,627,238,72,5,9.9
3226,638,275,39,6,34.4
3227,414,675,23,7,563.0
3228,269,42,100,4,140.88
3229,952,402,8,9,9.99
3230,796,21,12,4,399.99
3231,959,138,62,2,11.99
3232,153,209,56,7,24.95
3233,976,388,99,7,39.67
3234,18,759,65,10,42.5
3235,708,660,101,8,13.29
3236,356,152,81,8,19.6
3237,240,819,27,7,15.53
3238,300,121,31,5,23.99
3239,758,805,49,5,24.99
3240,499,917,97,7,15.95
3241,590,743,72,10,36.0
3242,924,180,103,5,11.99
3243,876,765,56,7,545.0
3244,700,262,74,2,314.99
3245,788,947,92,9,21.99
3246,744,444,39,7,10.99
3247,399,575,68,1,54.95
3248,152,99,104,7,12.95
3249,960,294,92,9,135.99
3250,349,302,104,3,34.29
3251,206,576,70,7,19.5
3252,573,514,18,7,259.99
3253,930,791,76,3,29.99
3254,920,435,47,2,309.0
3255,201,378,48,7,30.64
3256,283,372,95,9,129.0
3257,245,656,31,10,13.99
3258,541,468,95,2,9.99
3259,970,935,48,1,6.75
3260,931,410,24,4,17.99
3261,991,416,104,5,9.99
3262,836,425,59,2,13.21
3263,976,851,68,5,59.99
3264,360,264,78,6,3479.0
3265,248,960,18,10,119.99
3266,759,399,9,7,89.14
3267,902,498,90,4,15.99
3268,407,354,97,4,9.99
3269,336,474,54,1,15.37
3270,601,84,80,6,50.99
3271,511,377,47,6,17.49
3272,995,894,102,3,9.49
3273,597,910,36,3,68.9
3274,161,460,32,2,9.49
3275,229,941,18,2,21.99
3276,496,777,9,9,11.99
3277,191,323,21,5,16.99
3278,889,139,92,6,25.95
3279,370,725,48,4,59.4
3280,416,419,74,5,66.0
3281,865,584,78,10,29.69
3282,466,643,84,4,108.0
3283,734,250,15,2,11.99
3284,810,708,39,9,89.99
3285,286,201,54,10,9.99
3286,461,310,18,2,33.99
3287,887,205,54,9,69.79
3288,700,237,8,5,32.99
3289,659,454,23,4,6.99
3290,519,182,32,7,92.0
3291,532,73,74,1,9.95
3292,800,376,16,4,13.39
3293,170,983,48,10,70.0
3294,315,410,24,2,17.99
3295,773,738,39,10,21.99
3296,813,896,74,7,123.4
3297,591,553,74,4,15.9
3298,533,435,47,8,309.0
3299,972,550,32,2,19.99
3300,31,332,60,10,28.49
3301,800,578,99,1,312.0
3302,931,521,74,5,299.0
3303,427,276,101,10,104.99
3304,875,142,15,6,15.99
3305,343,858,104,7,49.99
3306,474,869,96,9,8.99
3307,969,181,49,4,49.0
3308,638,456,103,10,4.99
3309,774,4,83,9,17.95
3310,966,845,79,5,16.95
3311,440,191,81,10,149.99
3312,90,308,47,9,21.98
3313,859,465,15,2,56.99
3314,274,837,24,5,399.0
3315,524,862,103,10,495.0
3316,588,86,103,5,43.58
3317,566,745,11,2,129.95
3318,363,660,101,10,13.29
3319,133,345,6,1,120.99
3320,947,956,60,2,4.99
3321,946,757,8,6,25.99
3322,436,560,97,8,34.99
3323,757,732,8,10,90.92
3324,300,221,73,9,8.99
3325,841,919,101,3,48.49
3326,362,328,65,4,31.99
3327,585,186,84,2,18.78
3328,443,263,97,1,18.75
3329,451,133,90,3,19.99
3330,864,366,23,6,22.99
3331,55,894,102,2,9.49
3332,960,120,24,4,629.0
3333,496,36,15,6,41.39
3334,239,456,103,7,4.99
3335,677,648,88,2,25.94
3336,320,199,65,2,58.99
3337,872,334,97,7,46.55
3338,253,702,59,8,67.88
3339,406,269,65,8,16.97
3340,114,749,24,4,27.34
3341,200,863,6,3,13.2
3342,240,570,84,9,203.59
3343,38,103,83,9,34.0
3344,885,705,73,7,17.0
3345,226,129,50,1,211.72
3346,951,202,100,6,27.99
3347,398,4,83,7,17.95
3348,933,69,90,6,58.56
3349,723,808,62,8,19.19
3350,340,876,12,2,109.99
3351,881,573,32,8,44.81
3352,38,85,84,9,19.9
3353,76,879,103,9,104.98
3354,105,748,84,6,130.95
3355,106,532,34,8,10.55
3356,749,559,40,6,56.99
3357,968,291,40,6,19.95
3358,578,495,59,8,34.99
3359,691,716,62,2,28.5
3360,577,964,94,4,37.09
3361,162,456,103,7,4.99
3362,591,240,60,9,93.39
3363,826,266,100,4,48.99
3364,368,293,31,8,12.98
3365,40,502,65,4,102.99
3366,153,272,98,8,13.8
3367,124,682,49,3,16.59
3368,325,255,92,8,10.99
3369,553,504,96,5,11.99
3370,623,963,33,9,37.87
3371,54,979,12,8,299.99
3372,182,468,95,9,9.99
3373,574,895,97,3,26.19
3374,794,687,59,2,11.94
3375,278,966,76,2,13.99
3376,745,772,56,6,99.99
3377,11,873,71,9,9.8
3378,183,414,3,8,119.7
3379,757,320,94,10,770.0
3380,634,690,95,3,45.99
3381,243,764,90,9,27.99
3382,968,741,101,9,18.97
3383,597,182,32,4,92.0
3384,34,264,78,7,3479.0
3385,524,309,80,1,14.99
3386,932,314,62,2,26.99
3387,623,784,39,9,15.99
3388,606,798,49,2,17.99
3389,251,392,27,1,87.06
3390,703,749,24,4,27.34
3391,674,384,39,1,49.99
3392,790,244,102,5,37.99
3393,796,292,24,6,42.0
3394,217,139,92,10,25.95
3395,507,607,43,9,7.99
3396,351,245,15,9,53.0
3397,512,433,79,7,5.84
3398,935,265,72,6,7.99
3399,888,396,95,9,7.28
3400,366,799,90,6,502.85
3401,566,820,95,7,37.0
3402,366,255,92,5,10.99
3403,691,636,43,4,14.99
3404,773,809,70,5,18.89
3405,640,870,68,7,6.99
3406,463,372,95,8,129.0
3407,660,294,92,5,135.99
3408,460,383,104,1,107.0
3409,465,919,101,2,48.49
3410,345,552,38,1,20.99
3411,996,541,70,1,48.99
3412,711,639,71,1,13.99
3413,191,244,102,7,37.99
3414,664,132,24,8,99.99
3415,179,909,8,6,47.99
3416,574,534,71,5,12.8
3417,495,327,11,7,93.95
3418,672,814,60,9,14.99
3419,118,720,6,5,34.89
3420,801,381,72,5,8.48
3421,719,549,76,3,65.26
3422,264,46,24,4,90.09
3423,136,7,94,6,24.95
3424,633,641,16,6,16.97
3425,436,203,50,10,39.99
3426,998,51,33,5,7.99
3427,138,426,80,1,92.89
3428,726,798,49,4,17.99
3429,483,585,16,3,69.99
3430,58,542,39,9,51.38
3431,873,907,8,7,179.99
3432,392,126,65,7,16.17
3433,274,219,40,1,55.46
3434,908,998,88,3,13.98
3435,287,859,79,10,16.14
3436,590,206,101,9,97.19
3437,59,842,84,9,104.78
3438,601,526,15,1,19.99
3439,805,379,49,6,89.99
3440,23,684,65,8,44.99
3441,282,661,8,1,16.99
3442,634,812,27,9,9.99
3443,421,477,101,8,17.17
3444,586,884,104,2,69.99
3445,451,991,38,4,23.62
3446,27,337,38,1,130.5
3447,548,482,11,1,47.21
3448,589,427,103,7,29.99
3449,158,517,12,9,79.9
3450,154,357,101,7,78.0
3451,830,526,15,6,19.99
3452,765,428,18,2,33.99
3453,990,619,47,4,339.0
3454,931,681,24,1,57.99
3455,267,957,60,6,26.95
3456,250,895,97,2,26.19
3457,385,12,78,7,84.99
3458,303,17,98,8,6.19
3459,418,640,15,9,19.99
3460,108,87,77,7,33.99
3461,388,379,49,7,89.99
3462,416,288,77,7,52.87
3463,515,379,49,10,89.99
3464,491,189,96,5,222.99
3465,758,557,27,8,13.15
3466,535,898,21,5,17.99
3467,556,270,101,6,33.43
3468,840,346,62,4,19.99
3469,233,360,21,1,6.97
3470,969,451,80,3,72.36
3471,588,103,83,5,34.0
3472,931,194,27,6,27.99
3473,649,929,88,10,17.26
3474,144,922,40,2,30.0
3475,219,635,42,5,12.98
3476,489,946,24,9,19.3
3477,933,924,83,3,23.99
3478,633,649,65,6,21.99
3479,878,727,101,7,79.99
3480,562,42,100,8,140.88
3481,409,252,78,2,75.96
3482,278,175,23,7,139.99
3483,108,35,33,1,9.99
3484,423,409,72,6,26.99
3485,585,108,79,3,69.99
3486,540,737,16,6,29.98
3487,329,585,16,8,69.99
3488,9,765,56,10,545.0
3489,685,560,97,6,34.99
3490,484,55,38,8,49.99
3491,492,313,18,4,39.99
3492,995,942,38,1,23.42
3493,131,122,84,3,12.19
3494,784,160,49,5,70.0
3495,51,695,38,2,89.99
3496,498,263,97,9,18.75
3497,936,381,72,2,8.48
3498,414,11,100,2,11.24
3499,833,132,24,5,99.99
3500,402,825,18,2,29.99
3501,535,103,83,5,34.0
3502,284,42,100,1,140.88
3503,526,560,97,5,34.99
3504,208,536,38,7,614.97
3505,523,939,88,2,22.07
3506,211,104,23,6,18.54
3507,345,968,33,6,413.31
3508,18,210,56,5,220.0
3509,201,514,18,1,259.99
3510,27,432,59,9,62.99
3511,449,58,49,8,15.99
3512,445,418,92,9,10.38
3513,459,206,101,9,97.19
3514,298,576,70,6,19.5
3515,418,847,97,6,11.99
3516,105,12,78,4,84.99
3517,495,688,84,2,9.96
3518,415,840,74,6,22.17
3519,46,801,90,10,19.99
3520,688,685,101,5,897.56
3521,794,580,80,7,139.99
3522,686,853,43,8,129.99
3523,905,111,104,8,63.75
3524,549,256,18,1,119.99
3525,425,953,88,9,29.61
3526,235,834,72,10,29.99
3527,140,796,65,9,32.99
3528,159,899,24,3,14.98
3529,928,973,88,4,44.99
3530,659,793,48,10,23.99
3531,53,179,24,3,14.99
3532,411,60,31,7,37.99
3533,102,452,90,6,196.0
3534,172,755,90,10,9.95
3535,288,94,90,7,126.98
3536,562,147,31,3,9.99
3537,731,582,88,9,25.01
3538,787,270,101,4,33.43
3539,48,769,62,7,14.48
3540,298,608,24,1,327.3
3541,7,758,101,7,15.99
3542,361,495,59,1,34.99
3543,502,768,79,9,176.95
3544,419,349,99,9,129.99
3545,687,461,97,1,118.0
3546,884,444,39,4,10.99
3547,791,688,84,7,9.96
3548,434,934,21,1,24.99
3549,895,356,60,1,47.95
3550,473,279,40,4,35.54
3551,629,888,98,3,35.62
3552,343,268,65,4,13.5
3553,61,349,99,2,129.99
3554,831,288,77,8,52.87
3555,349,965,42,7,14.39
3556,473,715,84,1,7.76
3557,157,553,74,2,15.9
3558,403,40,92,8,69.95
3559,658,28,95,9,99.99
3560,158,705,73,8,17.0
3561,328,160,49,5,70.0
3562,183,279,40,7,35.54
3563,32,978,40,3,23.99
3564,2,924,83,6,23.99
3565,893,409,72,2,26.99
3566,134,180,103,7,11.99
3567,170,281,50,8,58.2
3568,839,808,62,4,19.19
3569,610,259,103,2,13.59
3570,410,904,33,5,139.99
3571,16,728,74,4,940.0
3572,477,438,33,10,184.21
3573,917,440,18,9,25.99
3574,416,211,104,1,126.49
3575,315,507,78,9,25.99
3576,96,127,92,9,11.49
3577,835,901,47,2,19.99
3578,656,350,77,3,42.99
3579,686,93,27,4,18.99
3580,779,626,6,1,41.9
3581,415,400,104,7,30.99
3582,468,342,71,4,8.0
3583,483,427,103,8,29.99
3584,386,859,79,2,16.14
3585,961,105,77,6,11.99
3586,58,58,49,7,15.99
3587,818,911,100,2,19.99
3588,848,628,76,7,34.8
3589,939,15,59,9,141.1
3590,226,714,104,1,4.99
3591,788,441,76,8,579.99
3592,201,789,38,4,17.99
3593,964,352,83,2,4.99
3594,167,972,49,3,10.08
3595,823,765,56,3,545.0
3596,65,442,38,1,337.0
3597,472,689,34,7,147.7
3598,337,452,90,10,196.0
3599,659,832,98,2,15.19
3600,281,353,92,3,33.9
3601,936,47,103,2,17.45
3602,831,89,43,9,62.99
3603,601,486,80,4,84.0
3604,924,641,16,1,16.97
3605,872,507,78,10,25.99
3606,961,141,56,5,59.99
3607,214,994,21,8,54.96
3608,411,683,11,8,199.99
3609,506,878,8,1,14.9
3610,914,17,98,9,6.19
3611,274,448,34,3,39.96
3612,746,555,78,10,7.74
3613,199,933,88,7,10.49
3614,570,513,32,1,59.99
3615,6,765,56,9,545.0
3616,415,633,36,8,14.99
3617,416,466,24,2,14.99
3618,327,989,96,3,14.99
3619,234,167,1,8,371.0
3620,858,195,94,6,16.99
3621,804,876,12,1,109.99
3622,790,329,70,9,24.0
3623,599,455,36,1,187.46
3624,323,198,43,5,36.99
3625,34,837,24,7,399.0
3626,451,585,16,3,69.99
3627,715,975,34,5,9.81
3628,22,58,49,4,15.99
3629,612,704,90,9,12.99
3630,281,94,90,10,126.98
3631,90,309,47,8,21.98
3632,739,276,101,4,104.99
3633,856,129,50,7,211.72
3634,487,155,74,4,60.0
3635,326,666,71,9,21.99
3636,37,895,97,8,26.19
3637,924,126,65,1,16.17
3638,361,366,23,10,22.99
3639,121,707,73,9,67.18
3640,315,962,54,6,29.99
3641,179,352,83,8,4.99
3642,276,359,65,8,39.54
3643,601,571,9,10,299.99
3644,977,421,99,7,249.99
3645,390,834,72,4,29.99
3646,656,342,71,7,8.0
3647,313,909,8,10,47.99
3648,226,476,96,5,11.27
3649,910,913,60,10,212.88
3650,868,122,84,6,12.19
3651,70,752,92,3,19.99
3652,900,86,103,1,43.58
3653,854,833,59,7,13.36
3654,510,698,76,8,16.99
3655,833,835,76,7,25.8
3656,459,395,73,7,52.8
3657,982,495,59,7,34.99
3658,724,641,16,9,16.97
3659,840,5,71,3,799.0
3660,82,43,49,7,68.48
3661,64,867,94,8,34.98
3662,16,673,99,3,25.43
3663,610,378,48,1,30.64
3664,870,947,92,7,21.99
3665,356,587,92,2,13.59
3666,752,411,39,9,18.35
3667,387,45,48,9,103.0
3668,884,200,99,4,8.69
3669,632,857,99,9,18.39
3670,855,812,27,6,9.99
3671,835,650,39,6,299.0
3672,677,789,38,4,17.99
3673,832,316,80,2,22.99
3674,245,284,49,9,18.25
3675,316,302,104,9,34.29
3676,713,915,39,7,13.99
3677,559,388,99,3,39.67
3678,494,282,12,9,157.01
3679,567,495,59,8,34.99
3680,612,226,9,6,19.49
3681,149,586,47,7,14.09
3682,537,718,21,2,17.78
3683,651,713,40,9,266.82
3684,773,778,23,6,17.57
3685,24,122,84,9,12.19
3686,753,26,72,7,20.91
3687,430,529,12,9,21.0
3688,927,797,31,10,11.99
3689,745,521,74,1,299.0
3690,228,66,50,9,29.49
3691,836,683,11,9,199.99
3692,930,850,92,7,31.98
3693,816,206,101,8,97.19
3694,116,748,84,10,130.95
3695,56,504,96,3,11.99
3696,342,150,50,1,25.99
3697,621,588,73,10,18.95
3698,364,313,18,9,39.99
3699,576,886,48,3,26.74
3700,214,761,33,8,149.99
3701,432,371,97,10,38.99
3702,244,802,34,10,28.99
3703,860,549,76,10,65.26
3704,214,958,60,9,199.98
3705,807,813,84,1,16.99
3706,366,4,83,7,17.95
3707,406,14,77,5,44.99
3708,529,529,12,5,21.0
3709,108,582,88,1,25.01
3710,814,502,65,10,102.99
3711,333,936,18,7,9.99
3712,533,499,95,8,13.98
3713,484,140,74,4,149.99
3714,661,86,103,7,43.58
3715,594,987,11,8,55.0
3716,673,772,56,9,99.99
3717,878,856,97,7,21.99
3718,319,69,90,9,58.56
3719,301,507,78,5,25.99
3720,850,840,74,2,22.17
3721,544,791,76,6,29.99
3722,852,38,11,10,21.98
3723,660,128,78,5,12.99
3724,636,341,9,8,13.99
3725,334,401,98,2,57.04
3726,421,50,98,4,4.99
3727,884,87,77,6,33.99
3728,409,846,97,2,42.94
3729,737,815,88,4,8.79
3730,414,570,84,6,203.59
3731,233,669,48,9,195.49
3732,411,322,70,10,99.99
3733,262,548,24,9,22.8
3734,441,615,90,6,28.98
3735,685,759,65,4,42.5
3736,837,302,104,5,34.29
3737,575,168,62,6,24.36
3738,496,711,88,10,15.99
3739,157,820,95,6,37.0
3740,87,693,39,9,12.99
3741,169,824,31,3,10.29
3742,843,817,24,3,19.99
3743,475,669,48,6,195.49
3744,109,823,77,7,27.45
3745,907,23,56,6,144.95
3746,510,144,15,4,22.42
3747,661,570,84,7,203.59
3748,734,661,8,2,16.99
3749,555,28,95,7,99.99
3750,649,38,11,5,21.98
3751,532,896,74,3,123.4
3752,46,60,31,10,37.99
3753,747,764,90,7,27.99
3754,532,384,39,6,49.99
3755,888,991,38,5,23.62
3756,834,92,94,3,26.32
3757,425,972,49,1,10.08
3758,81,26,72,1,20.91
3759,496,333,24,2,89.99
3760,177,423,70,4,9.42
3761,423,905,77,1,7.99
3762,101,317,43,5,19.99
3763,278,11,100,8,11.24
3764,985,649,65,3,21.99
3765,791,117,33,8,24.99
3766,145,233,39,4,99.0
3767,594,600,70,4,18.99
3768,302,928,38,8,27.99
3769,249,39,24,9,16.99
3770,577,578,99,4,312.0
3771,480,992,9,3,17.32
3772,846,738,39,1,21.99
3773,47,146,12,7,40.79
3774,146,273,96,2,69.99
3775,638,865,90,1,9.84
3776,948,638,18,7,14.19
3777,448,826,78,1,45.99
3778,201,817,24,5,19.99
3779,688,668,59,4,44.25
3780,711,54,83,7,189.0
3781,327,384,39,10,49.99
3782,754,776,11,10,15.99
3783,952,590,59,10,99.0
3784,521,132,24,4,99.99
3785,153,625,95,8,159.99
3786,642,77,47,10,29.03
3787,965,399,9,9,89.14
3788,810,838,54,8,46.84
3789,750,742,54,8,229.33
3790,926,175,23,1,139.99
3791,460,774,32,8,9.57
3792,770,665,31,6,159.99
3793,434,903,42,5,69.99
3794,145,678,77,3,63.0
3795,79,855,38,4,10.99
3796,640,681,24,8,57.99
3797,46,977,81,6,14.99
3798,879,513,32,2,59.99
3799,750,153,72,4,9.99
3800,668,467,102,6,52.95
3801,716,141,56,9,59.99
3802,775,597,78,8,43.95
3803,396,303,62,10,39.95
3804,490,285,79,2,17.99
3805,128,645,68,6,29.62
3806,694,848,9,6,199.0
3807,728,648,88,3,25.94
3808,557,127,92,7,11.49
3809,995,816,60,2,22.99
3810,542,729,21,10,9.81
3811,284,588,73,7,18.95
3812,271,151,99,9,19.98
3813,242,522,88,5,169.0
3814,377,452,90,1,196.0
3815,687,241,24,3,52.11
3816,656,622,103,7,8.99
3817,500,678,77,3,63.0
3818,361,170,104,3,109.99
3819,939,180,103,9,11.99
3820,480,942,38,1,23.42
3821,76,467,102,10,52.95
3822,242,938,95,8,6.33
3823,741,809,70,9,18.89
3824,353,811,54,5,34.99
3825,408,368,96,7,28.8
3826,702,93,27,10,18.99
3827,821,39,24,9,16.99
3828,923,603,102,10,14.99
3829,119,428,18,4,33.99
3830,401,309,80,1,14.99
3831,568,543,79,10,66.5
3832,694,628,76,9,34.8
3833,418,114,74,3,12.98
3834,289,842,84,4,104.78
3835,733,681,24,5,57.99
3836,625,856,97,2,21.99
3837,454,234,83,6,19.99
3838,820,56,47,6,35.14
3839,810,466,24,7,14.99
3840,330,195,94,5,16.99
3841,716,255,92,8,10.99
3842,623,755,90,10,9.95
3843,871,160,49,5,70.0
3844,477,376,16,6,13.39
3845,82,781,16,8,17.88
3846,84,720,6,4,34.89
3847,420,284,49,4,18.25
3848,486,755,90,10,9.95
3849,196,297,56,2,5.99
3850,601,980,16,3,56.99
3851,797,295,12,1,124.46
3852,936,64,83,8,53.93
3853,418,514,18,8,259.99
3854,944,224,79,4,34.43
3855,594,944,78,7,24.99
3856,25,545,9,10,10.99
3857,31,105,77,3,11.99
3858,350,253,12,9,389.0
3859,102,845,79,6,16.95
3860,625,816,60,1,22.99
3861,570,443,73,10,4.5
3862,378,527,12,2,5.49
3863,587,495,59,5,34.99
3864,842,896,74,6,123.4
3865,595,332,60,6,28.49
3866,215,678,77,5,63.0
3867,667,308,47,7,21.98
3868,603,431,94,9,9.99
3869,919,633,36,8,14.99
3870,505,397,102,10,28.99
3871,68,920,15,9,142.0
3872,811,200,99,3,8.69
3873,540,729,21,10,9.81
3874,396,37,8,5,19.99
3875,699,681,24,8,57.99
3876,638,968,33,5,413.31
3877,249,345,6,3,120.99
3878,306,330,12,1,26.19
3879,66,632,15,10,28.04
3880,964,539,103,1,25.62
3881,110,751,90,5,65.99
3882,72,157,95,1,111.82
3883,235,902,81,6,969.0
3884,143,132,24,1,99.99
3885,132,867,94,5,34.98
3886,869,991,38,4,23.62
3887,669,385,94,8,34.86
3888,580,634,33,10,25.48
3889,417,270,101,2,33.43
3890,777,97,56,7,31.11
3891,917,733,38,3,69.99
3892,81,803,49,7,28.78
3893,856,833,59,3,13.36
3894,331,845,79,2,16.95
3895,87,475,78,1,166.07
3896,166,148,12,8,6.85
3897,709,284,49,8,18.25
3898,732,129,50,4,211.72
3899,270,669,48,8,195.49
3900,495,500,23,9,15.99
3901,397,545,9,8,10.99
3902,708,428,18,10,33.99
3903,811,373,97,10,9.99
3904,171,327,11,3,93.95
3905,207,509,15,3,45.0
3906,505,543,79,10,66.5
3907,857,132,24,6,99.99
3908,840,70,103,6,75.99
3909,914,501,6,6,11.99
3910,667,266,100,9,48.99
3911,164,291,40,2,19.95
3912,524,944,78,10,24.99
3913,34,18,78,7,13.52
3914,20,767,56,2,7.99
3915,582,449,36,7,9.99
3916,317,898,21,5,17.99
3917,838,797,31,2,11.99
3918,90,910,36,8,68.9
3919,927,676,100,6,60.52
3920,964,64,83,7,53.93
3921,44,269,65,8,16.97
3922,829,279,40,10,35.54
3923,129,706,24,4,11.53
3924,291,224,79,5,34.43
3925,453,639,71,1,13.99
3926,40,747,38,3,37.99
3927,717,127,92,7,11.49
3928,802,169,79,5,154.99
3929,99,620,84,6,22.09
3930,214,426,80,8,92.89
3931,58,306,21,8,39.99
3932,81,902,81,7,969.0
3933,465,472,90,8,6.99
3934,567,962,54,8,29.99
3935,31,585,16,3,69.99
3936,865,291,40,3,19.95
3937,922,414,3,7,119.7
3938,17,219,40,10,55.46
3939,143,464,71,1,102.46
3940,504,549,76,6,65.26
3941,444,667,21,1,43.03
3942,381,686,68,10,37.99
3943,59,122,84,3,12.19
3944,648,276,101,3,104.99
3945,207,518,32,9,8.99
3946,923,701,96,1,19.99
3947,335,505,24,6,47.99
3948,358,230,80,4,309.99
3949,477,462,83,10,199.0
3950,577,695,38,5,89.99
3951,466,468,95,5,9.99
3952,293,781,16,4,17.88
3953,660,677,73,4,27.32
3954,674,28,95,3,99.99
3955,677,987,11,6,55.0
3956,96,71,74,8,14.94
3957,156,25,43,8,12.99
3958,82,582,88,6,25.01
3959,940,79,88,8,28.24
3960,412,617,68,7,10.98
3961,751,479,98,2,13.9
3962,151,252,78,3,75.96
3963,488,244,102,6,37.99
3964,478,910,36,8,68.9
3965,481,555,78,5,7.74
3966,899,317,43,4,19.99
3967,442,396,95,7,7.28
3968,244,193,47,8,11.18
3969,445,360,21,6,6.97
3970,438,706,24,5,11.53
3971,223,884,104,3,69.99
3972,138,15,59,2,141.1
3973,537,378,48,4,30.64
3974,887,119,79,3,82.84
3975,749,904,33,4,139.99
3976,114,988,36,3,6.49
3977,894,79,88,7,28.24
3978,966,919,101,1,48.49
3979,181,112,103,4,26.64
3980,267,30,56,1,7.99
3981,601,193,47,6,11.18
3982,779,752,92,3,19.99
3983,738,510,62,3,52.99
3984,206,794,95,3,32.98
3985,302,482,11,4,47.21
3986,507,193,47,8,11.18
3987,209,925,60,1,69.99
3988,50,242,101,6,6.99
3989,656,91,62,1,17.81
3990,601,226,9,8,19.49
3991,756,875,15,7,49.95
3992,896,498,90,3,15.99
3993,312,511,88,10,74.95
3994,804,524,104,5,16.99
3995,193,831,96,8,7.48
3996,751,320,94,4,770.0
3997,733,625,95,10,159.99
3998,850,493,11,6,26.39
3999,568,194,27,3,27.99